Province,District,2012,2013,2014,2015,2016,2017,2018,2019,2020
An Giang,An Phú,0.078916,0.097686,0.145299,0.159727,0.143351,0.242056,0.352783,0.431673,0.660479
An Giang,Châu Phú,0.106138,0.133124,0.193463,0.212631,0.196782,0.242787,0.255487,0.34606,0.417996
An Giang,Châu Thành,0.126676,0.137894,0.178271,0.211642,0.218389,0.313234,0.358264,0.390049,0.512378
An Giang,Châu Đốc,1.212482,1.230298,1.541873,1.714562,1.742777,2.070981,2.149261,2.252887,1.935871
An Giang,Chợ Mới,0.215922,0.304638,0.474124,0.570395,0.515341,0.678478,0.705847,0.831055,0.981059
An Giang,Long Xuyên,2.021452,2.144154,2.506901,2.716167,2.838866,3.13878,3.517816,3.785422,3.512652
An Giang,Phú Tân,0.08797,0.129445,0.170789,0.254386,0.243278,0.331997,0.371413,0.448772,0.530859
An Giang,Thoại Sơn,0.048927,0.05244,0.080725,0.09355,0.096149,0.138666,0.200781,0.221025,0.293874
An Giang,Tri Tôn,0.022663,0.048287,0.071445,0.087682,0.089719,0.155077,0.152898,0.19345,0.285163
An Giang,Tân Châu,0.093148,0.142971,0.231876,0.234534,0.21936,0.323139,0.345165,0.536108,0.683572
An Giang,Tịnh Biên,0.080421,0.077295,0.10623,0.119035,0.127295,0.240051,0.300718,0.343324,0.455397
Bà Rịa - Vũng Tàu,Bà Rịa,6.176377,6.064614,6.697638,7.043546,7.125816,7.950008,5.631805,5.528107,6.46666
Bà Rịa - Vũng Tàu,Châu Đức,0.182427,0.24154,0.338466,0.428724,0.667741,0.916121,1.003633,1.085994,1.31383
Bà Rịa - Vũng Tàu,Long Điền,4.940435,4.595866,4.845777,5.381021,5.02271,5.094971,4.2109,4.651307,4.735766
Bà Rịa - Vũng Tàu,Tân Thành,4.900466,5.531457,5.539505,6.131159,6.591191,7.2363,7.401572,7.490856,8.504927
Bà Rịa - Vũng Tàu,Vũng Tàu,7.598511,6.88603,7.872781,8.224646,8.142576,8.860955,8.864159,8.619577,7.829503
Bà Rịa - Vũng Tàu,Xuyên Mộc,0.655904,0.714213,0.752342,1.030815,0.987799,1.56195,1.969234,2.409836,2.566155
Bà Rịa - Vũng Tàu,Đất Đỏ,0.685374,0.796955,0.926917,1.056932,1.156852,1.285459,1.328839,1.346725,1.595961
Bình Dương,Bàu Bàng,0.55503,0.656339,0.641106,0.708076,0.782597,1.240946,1.73356,2.09246,2.542087
Bình Dương,Bắc Tân Uyên,0.352164,0.433285,0.492733,0.606239,0.715212,0.977323,1.132884,1.319143,1.573426
Bình Dương,Bến Cát,3.373042,3.849067,4.399277,4.764451,4.907763,5.589879,6.010464,6.453845,6.974586
Bình Dương,Dĩ An,13.83244,12.608239,13.370338,14.254882,15.428526,15.89635,17.701099,18.927721,19.597687
Bình Dương,Dầu Tiếng,0.105342,0.129021,0.200144,0.232929,0.309408,0.412016,0.487968,0.54707,0.731666
Bình Dương,Phú Giáo,0.345314,0.420024,0.448494,0.526282,0.553013,0.730433,0.809626,0.880834,1.065232
Bình Dương,Thuận An,12.825597,12.326502,13.249801,13.807933,14.704749,15.458494,16.336564,17.476225,18.047509
Bình Dương,Thủ Dầu Một,10.265757,9.644756,11.350563,11.533078,12.31008,13.537738,14.612066,15.589979,17.07674
Bình Dương,Tân Uyên,3.270937,3.379181,3.95332,4.70341,5.687863,6.327914,7.092821,7.78659,8.662967
Bình Phước,Bình Long,0.62361,0.731355,0.69083,0.763033,0.758164,0.897413,0.984109,1.071694,1.249595
Bình Phước,Bù Gia Mập,0.013376,0.030833,0.035614,0.045571,0.044746,0.065756,0.079307,0.080787,0.100492
Bình Phước,Bù Đăng,0.035228,0.045615,0.033938,0.050081,0.049969,0.08629,0.096761,0.096751,0.134546
Bình Phước,Bù Đốp,0.051405,0.060647,0.038823,0.074375,0.074261,0.176838,0.302921,0.346992,0.436593
Bình Phước,Chơn Thành,0.306151,0.351448,0.34256,0.443357,0.49758,0.688095,0.877937,0.995073,1.262926
Bình Phước,Hớn Quản,0.037832,0.069708,0.070606,0.091398,0.097227,0.139766,0.194033,0.238786,0.304054
Bình Phước,Lộc Ninh,0.105672,0.140246,0.120713,0.14975,0.141222,0.182779,0.220833,0.237643,0.319244
Bình Phước,Phú Riềng,0.035677,0.048935,0.041432,0.05372,0.058056,0.09642,0.112524,0.12733,0.184169
Bình Phước,Phước Long,0.587635,0.706675,0.676891,0.778808,0.770314,1.080357,1.243372,1.490255,1.537193
Bình Phước,Đồng Phú,0.037244,0.054307,0.0599,0.085106,0.100553,0.147188,0.17666,0.213113,0.292467
Bình Phước,Đồng Xoài,0.914591,1.248375,1.390257,1.482805,1.65874,2.004196,2.143409,2.471436,2.814877
Bình Thuận,Bắc Bình,1.143293,3.373059,3.541171,5.118408,5.468711,6.675939,9.154764,9.929161,5.810372
Bình Thuận,Hàm Thuận Bắc,25.359855,31.012793,31.078912,38.36344,32.909394,35.169809,45.881199,45.05749,19.894837
Bình Thuận,Hàm Thuận Nam,66.850762,76.185787,75.649455,92.243559,76.802807,83.809981,123.10075,119.716417,81.186402
Bình Thuận,Hàm Tân,1.004646,1.345949,1.616285,2.663716,2.321868,4.749153,8.311677,8.163051,6.484692
Bình Thuận,La Gi,7.981263,14.850345,18.302603,26.185053,19.506686,28.368366,56.135605,49.863156,49.684918
Bình Thuận,Phan Thiết,14.134408,16.978826,14.7551,17.065175,14.555532,19.294753,24.769438,28.259538,21.626852
Bình Thuận,Phú Quí,0.045892,0.016685,0.228921,1.453335,1.38559,1.671015,1.778206,1.835988,2.038446
Bình Thuận,Tuy Phong,0.727089,1.143953,0.937761,1.359831,1.444158,1.998842,2.945109,3.17126,2.652807
Bình Thuận,Tánh Linh,0.18648,0.288834,0.306179,0.458767,0.467512,0.826691,1.015044,0.860542,0.664451
Bình Thuận,Đức Linh,0.054648,0.109297,0.196216,0.219336,0.240713,0.285744,0.380193,0.422105,0.483757
Bình Định,An Lão,0.0,0.0,0.001521,0.001157,0.00187,0.004582,0.008394,0.010221,0.013261
Bình Định,An Nhơn,0.132449,0.214795,0.37971,0.583508,0.497515,0.687821,0.927259,1.117429,1.334089
Bình Định,Hoài Nhơn,0.068157,0.112705,0.182142,0.386304,0.36599,0.472417,0.628022,0.76728,1.017678
Bình Định,Hoài Ân,0.002423,0.004742,0.009268,0.015856,0.025263,0.044463,0.063296,0.093374,0.157496
Bình Định,Phù Cát,0.037216,0.07841,0.099688,0.164472,0.119871,0.194379,0.288694,0.314869,0.433595
Bình Định,Phù Mỹ,0.124637,0.15882,0.184952,0.227938,0.175507,0.276866,0.361311,0.391733,0.476862
Bình Định,Qui Nhơn,1.238697,1.520129,1.823931,2.056845,2.101879,2.403946,2.758987,3.097146,3.524642
Bình Định,Tuy Phước,0.206351,0.283372,0.322805,0.530638,0.524064,0.726591,1.081466,1.269645,1.631296
Bình Định,Tây Sơn,0.025334,0.049497,0.05951,0.080124,0.073,0.123696,0.170391,0.189993,0.231366
Bình Định,Vân Canh,0.001555,0.003644,0.006155,0.014947,0.013517,0.02145,0.027886,0.030605,0.057244
Bình Định,Vĩnh Thạnh,0.004145,0.006117,0.012339,0.01659,0.010892,0.022183,0.032241,0.02978,0.028104
Bạc Liêu,Bạc Liêu,1.84039,1.996112,2.859294,3.083458,3.134465,3.69603,4.171385,4.624481,4.826253
Bạc Liêu,Giá Rai,0.140528,0.208505,0.307157,0.300096,0.279527,0.413918,0.50546,0.51098,0.516777
Bạc Liêu,Hoà Bình,0.138005,0.133679,0.385415,0.397635,0.34742,0.597132,0.774885,0.8403,0.790165
Bạc Liêu,Hồng Dân,0.014623,0.024219,0.025449,0.029816,0.022059,0.022232,0.036555,0.039035,0.054787
Bạc Liêu,Phước Long,0.037072,0.041918,0.075254,0.099461,0.079522,0.109562,0.133678,0.151656,0.203627
Bạc Liêu,Vĩnh Lợi,0.155405,0.194475,0.240934,0.254894,0.28134,0.443077,0.54457,0.57424,0.58928
Bạc Liêu,Đông Hải,0.062884,0.068837,0.203176,0.18277,0.117502,0.243824,0.291901,0.319366,0.343739
Bắc Giang,Bắc Giang,3.335237,3.610496,5.49759,6.525221,7.397886,7.788713,7.554012,8.708316,9.377685
Bắc Giang,Hiệp Hòa,0.111328,0.11885,0.163924,0.179154,0.26501,0.398716,0.411975,0.703853,0.723783
Bắc Giang,Lạng Giang,0.144469,0.16935,0.315739,0.509492,0.516305,0.524401,0.582059,0.823512,0.861145
Bắc Giang,Lục Nam,0.021034,0.025863,0.033525,0.051222,0.057275,0.092405,0.121888,0.171203,0.203066
Bắc Giang,Lục Ngạn,0.007298,0.008451,0.012791,0.01126,0.009702,0.017479,0.024173,0.044161,0.040693
Bắc Giang,Sơn Động,0.021182,0.022865,0.026145,0.022037,0.022038,0.025885,0.033983,0.047721,0.077967
Bắc Giang,Tân Yên,0.053824,0.062913,0.066158,0.095945,0.089911,0.156364,0.183846,0.260428,0.266053
Bắc Giang,Việt Yên,0.544232,0.58412,0.77781,0.923186,1.358179,1.672987,1.975333,2.450491,2.978026
Bắc Giang,Yên Dũng,0.112334,0.17399,0.212986,0.284733,0.366284,0.59925,0.704872,0.992025,1.351657
Bắc Giang,Yên Thế,0.039357,0.037296,0.048016,0.04144,0.053369,0.067448,0.090273,0.105259,0.086065
Bắc Kạn,Ba Bể,0.0,0.0,0.0,0.0,0.0,0.0,0.0,0.0,0.0
Bắc Kạn,Bạch Thông,0.000298,0.001112,0.001647,0.005668,0.006285,0.008162,0.005745,0.014619,0.004367
Bắc Kạn,Chợ Mới,0.009996,0.012983,0.013459,0.0171,0.021648,0.017385,0.011203,0.011415,0.011623
Bắc Kạn,Chợ Đồn,0.003201,0.001889,0.003801,0.004465,0.008856,0.013321,0.012525,0.015351,0.005222
Bắc Kạn,Na Rì,0.004548,0.002426,0.002636,0.003081,0.005835,0.006085,0.004443,0.006683,0.008078
Bắc Kạn,Ngân Sơn,0.00122,0.002683,0.0021,0.001977,0.002467,0.003016,0.002984,0.003937,0.002964
Bắc Kạn,Pác Nặm,0.0,0.0,0.0,0.0,0.0,0.0,0.0,0.0,0.001893
Bắc Kạn,Thành Phố Bắc Kạn,0.289601,0.395858,0.487692,0.631874,0.773402,0.617698,0.495367,0.536313,0.53492
Bắc Ninh,Bắc Ninh,4.691774,5.276098,7.161927,7.252475,9.10159,10.12354,10.507383,11.297137,10.601559
Bắc Ninh,Gia Bình,0.115544,0.176397,0.268414,0.233723,0.314566,0.465183,0.597919,0.716762,1.178166
Bắc Ninh,Lương Tài,0.124932,0.14328,0.180698,0.199811,0.29065,0.437778,0.619154,0.816962,1.243876
Bắc Ninh,Quế Võ,0.607044,0.734169,1.073751,1.130379,1.286987,1.639806,2.003511,2.1719,2.573325
Bắc Ninh,Thuận Thành,0.514082,0.72133,0.758172,0.924483,1.219063,1.60243,1.951609,2.312847,2.724444
Bắc Ninh,Tiên Du,1.76133,2.416802,2.892241,3.313494,3.509797,4.249835,4.589333,5.537448,5.521775
Bắc Ninh,Từ Sơn,4.111146,5.108796,5.906579,6.079416,6.664615,7.815739,8.329764,9.568819,9.501061
Bắc Ninh,Yên Phong,1.820282,2.233108,2.784303,3.711055,5.039752,5.69541,5.517506,5.303512,4.774665
Bến Tre,Ba Tri,0.20691,0.217317,0.317696,0.307557,0.258403,0.475912,0.644208,0.67081,0.767321
Bến Tre,Bình Đại,0.220404,0.232045,0.576809,0.472604,0.487044,0.776076,1.049295,1.256434,1.230796
Bến Tre,Bến Tre,3.144991,3.348323,3.754279,3.990667,4.109792,4.662743,5.277493,6.047534,5.995292
Bến Tre,Châu Thành,0.431955,0.567609,0.742196,0.989413,1.108119,1.581497,2.091678,2.383183,2.480737
Bến Tre,Chợ Lách,0.119411,0.152666,0.252113,0.407129,0.548718,0.875487,1.159466,1.306698,1.450268
Bến Tre,Giồng Trôm,0.090315,0.122249,0.219382,0.265138,0.277131,0.393497,0.524441,0.578827,0.67592
Bến Tre,Mỏ Cày Bắc,0.056149,0.081083,0.14139,0.183601,0.19016,0.280968,0.418184,0.523029,0.685709
Bến Tre,Mỏ Cày Nam,0.050116,0.075648,0.120846,0.181398,0.219439,0.361407,0.435104,0.552127,0.655729
Bến Tre,Thạnh Phú,0.031,0.024881,0.316592,0.312076,0.202123,0.42693,0.571012,0.605649,0.632567
Cao Bằng,Bảo Lâm,0.001546,0.002795,0.002676,0.003188,0.008874,0.012971,0.012502,0.009728,0.009995
Cao Bằng,Bảo Lạc,0.0,0.0,0.0,0.0,0.0,0.0,0.0,0.000184,0.000276
Cao Bằng,Cao Bằng,0.209899,0.440492,0.447681,0.376805,0.50043,0.518605,0.521817,0.734095,0.894539
Cao Bằng,Hoà An,0.003776,0.005162,0.007585,0.004403,0.005147,0.004703,0.006454,0.006418,0.005723
Cao Bằng,Hà Quảng,0.0,0.0,0.0,0.001071,0.000971,0.000861,0.00071,0.00515,0.0
Cao Bằng,Hạ Lang,0.0,0.001926,0.002349,0.002835,0.001447,0.003661,0.005454,0.013425,0.004686
Cao Bằng,Nguyên Bình,0.004183,0.005265,0.004472,0.004253,0.003054,0.002369,0.00171,0.001558,0.001663
Cao Bằng,Phục Hoà,0.007897,0.019395,0.013953,0.021233,0.016659,0.040271,0.042451,0.056495,0.038195
Cao Bằng,Quảng Uyên,0.0,0.00146,0.002867,0.001325,0.003191,0.006513,0.005608,0.008603,0.010238
Cao Bằng,Thông Nông,0.0,0.0,0.0,0.0,0.0,0.0,0.0,0.0,0.0
Cao Bằng,Thạch An,7.8e-05,0.0,0.000295,0.000142,0.000126,0.003136,0.000821,0.001473,0.001865
Cao Bằng,Trà Lĩnh,0.000267,0.000466,0.0,0.001744,0.009985,0.028394,0.027162,0.035841,0.026831
Cao Bằng,Trùng Khánh,0.005506,0.011126,0.010945,0.0187,0.028153,0.034872,0.039062,0.075897,0.041347
Cà Mau,Cà Mau,1.25122,1.416223,1.732732,1.936109,2.131445,2.343842,2.796756,2.872262,3.186016
Cà Mau,Cái Nước,0.072011,0.127759,0.359216,0.241974,0.154471,0.225084,0.232129,0.226496,0.277866
Cà Mau,Ngọc Hiển,0.01035,0.016446,0.021202,0.037034,0.03433,0.064361,0.081302,0.088933,0.115243
Cà Mau,Năm Căn,0.018581,0.040046,0.055799,0.074679,0.063123,0.133924,0.133253,0.159433,0.177626
Cà Mau,Phú Tân,0.006845,0.07039,0.315018,0.207979,0.123097,0.23403,0.244503,0.241996,0.27382
Cà Mau,Thới Bình,0.033301,0.048774,0.050626,0.063611,0.055535,0.088762,0.099118,0.092289,0.109887
Cà Mau,Trần Văn Thời,0.022109,0.059075,0.156548,0.139932,0.110163,0.172656,0.191242,0.19774,0.217396
Cà Mau,U Minh,0.188445,0.181532,0.205137,0.222937,0.19882,0.334695,0.355741,0.322421,0.315863
Cà Mau,Đầm Dơi,0.044017,0.070863,0.135821,0.091821,0.056035,0.103271,0.147386,0.147061,0.16883
Cần Thơ,Bình Thuỷ,2.498417,2.995054,3.351509,3.84791,4.215256,4.643483,5.417555,5.399349,5.54046
Cần Thơ,Cái Răng,3.699326,4.131658,4.461193,5.048128,5.258705,5.660983,6.919516,7.57981,8.292271
Cần Thơ,Cờ Đỏ,0.080404,0.123664,0.120743,0.163999,0.201283,0.267282,0.332638,0.355797,0.454925
Cần Thơ,Ninh Kiều,10.651692,12.198292,14.216283,15.876369,16.540481,16.642869,18.466852,19.121159,18.782976
Cần Thơ,Phong Điền,0.249468,0.325348,0.406953,0.470019,0.500164,0.65242,0.842873,0.868558,1.216313
Cần Thơ,Thốt Nốt,0.713175,0.798335,0.968326,1.151019,1.210901,1.484725,1.633727,1.860938,2.188916
Cần Thơ,Thới Lai,0.095432,0.193246,0.20117,0.228744,0.241639,0.352706,0.44324,0.51979,0.644576
Cần Thơ,Vĩnh Thạnh,0.087282,0.12046,0.158119,0.204797,0.234575,0.278966,0.304426,0.368294,0.475023
Cần Thơ,Ô Môn,0.983777,1.177241,1.202216,1.197175,1.399349,1.508956,1.884868,1.921995,2.263196
Gia Lai,An Khê,0.390556,0.598303,0.592399,0.695973,0.590756,0.836637,1.004509,0.9548,1.09779
Gia Lai,Ayun Pa,0.14287,0.150747,0.173872,0.306207,0.283418,0.315523,0.409342,0.37901,0.3997
Gia Lai,Chư Prông,0.012566,0.01234,0.011193,0.013457,0.013923,0.019303,0.028127,0.04204,0.048146
Gia Lai,Chư Păh,0.049321,0.064131,0.069219,0.083551,0.08587,0.134034,0.153631,0.145539,0.153871
Gia Lai,Chư Pưh,0.008965,0.008002,0.009521,0.016102,0.01514,0.029827,0.040091,0.032847,0.050245
Gia Lai,Chư Sê,0.036559,0.051661,0.045758,0.047585,0.062195,0.088355,0.123852,0.123784,0.14638
Gia Lai,Ia Grai,0.056323,0.056526,0.051308,0.055308,0.054968,0.07249,0.100014,0.090111,0.094359
Gia Lai,Ia Pa,0.009815,0.014787,0.014701,0.027272,0.032298,0.052418,0.086145,0.053084,0.065475
Gia Lai,KBang,0.018757,0.021602,0.022096,0.026691,0.018926,0.026126,0.035436,0.03718,0.044777
Gia Lai,Krông Pa,0.003578,0.00573,0.005787,0.007714,0.007869,0.012056,0.022893,0.036488,0.042886
Gia Lai,Kông Chro,0.004237,0.01158,0.010617,0.011494,0.009965,0.011575,0.024911,0.022615,0.025922
Gia Lai,Mang Yang,0.056899,0.070622,0.085487,0.093185,0.055902,0.086352,0.102014,0.094624,0.104432
Gia Lai,Phú Thiện,0.011664,0.017317,0.018173,0.022164,0.018573,0.033604,0.068049,0.074224,0.09892
Gia Lai,Pleiku,2.218738,2.30181,2.307369,2.543789,2.533787,2.621728,2.803934,2.663134,2.922019
Gia Lai,Đăk Pơ,0.042842,0.065048,0.069637,0.103156,0.083284,0.135886,0.159833,0.144139,0.203133
Gia Lai,Đăk Đoa,0.088734,0.088511,0.086259,0.096235,0.087504,0.114244,0.133753,0.136028,0.159894
Gia Lai,Đức Cơ,0.014648,0.021098,0.016662,0.018787,0.017686,0.062835,0.081734,0.073452,0.089488
Hoà Bình,Cao Phong,0.032153,0.029152,0.031877,0.044223,0.028528,0.061035,0.049169,0.055098,0.078373
Hoà Bình,Hòa Bình,1.256311,1.266412,1.464372,1.651161,1.966723,2.329508,2.372833,2.108844,2.328805
Hoà Bình,Kim Bôi,0.007768,0.00695,0.037422,0.031237,0.010447,0.034499,0.026954,0.026914,0.027859
Hoà Bình,Kỳ Sơn,0.062157,0.073215,0.099447,0.111084,0.097476,0.132432,0.135143,0.160284,0.201265
Hoà Bình,Lương Sơn,0.16478,0.172493,0.204323,0.20879,0.209755,0.299009,0.325434,0.350955,0.468219
Hoà Bình,Lạc Sơn,0.0,0.003376,0.008094,0.009272,0.020315,0.024461,0.014647,0.017032,0.014233
Hoà Bình,Lạc Thủy,0.013007,0.013589,0.039455,0.027237,0.072008,0.10725,0.134251,0.142403,0.14802
Hoà Bình,Mai Châu,0.006732,0.011128,0.022031,0.021942,0.019039,0.030129,0.025698,0.022335,0.017012
Hoà Bình,Tân Lạc,0.010579,0.007547,0.020176,0.018059,0.016672,0.020892,0.032513,0.043061,0.047782
Hoà Bình,Yên Thủy,0.017899,0.022445,0.031988,0.023756,0.019508,0.036494,0.04269,0.057475,0.05317
Hoà Bình,Đà Bắc,0.002767,0.001397,0.002311,0.002913,0.002656,0.006014,0.005075,0.005186,0.005507
Hà Giang,Bắc Mê,0.001669,0.002689,0.003406,0.007015,0.010982,0.007839,0.005762,0.006289,0.005
Hà Giang,Bắc Quang,0.0,0.0,0.0,0.000847,0.003861,0.008885,0.006682,0.010636,0.006109
Hà Giang,Hoàng Su Phì,0.0,0.0,0.0,0.0,0.0,0.0,0.003672,0.002134,0.004992
Hà Giang,Hà Giang,0.05709,0.139114,0.135519,0.201518,0.297683,0.432166,0.317692,0.415437,0.424237
Hà Giang,Mèo Vạc,0.003097,0.002578,0.004382,0.007721,0.009397,0.014006,0.011683,0.009998,0.003036
Hà Giang,Quang Bình,0.000495,0.001183,0.0,0.001995,0.002222,0.002985,0.004211,0.007134,0.003914
Hà Giang,Quản Bạ,0.0,0.0,0.0,0.0,0.0,0.0,0.0,0.001249,0.0
Hà Giang,Vị Xuyên,0.00437,0.015958,0.006619,0.006659,0.007559,0.01081,0.008474,0.008686,0.005298
Hà Giang,Xín Mần,0.004061,0.002826,0.002077,0.003957,0.00244,0.011756,0.011456,0.005312,0.009186
Hà Giang,Yên Minh,0.001245,0.002352,0.002476,0.003108,0.002399,0.007968,0.006797,0.004625,0.006537
Hà Giang,Đồng Văn,0.0,0.0,0.000483,0.004406,0.004188,0.008156,0.009782,0.013451,0.005162
Hà Nam,Bình Lục,0.090114,0.09999,0.331364,0.478354,0.503246,0.50822,0.638306,1.110522,1.241522
Hà Nam,Duy Tiên,1.191888,1.45284,1.727599,1.914936,2.136487,2.448544,2.878426,2.955197,3.258658
Hà Nam,Kim Bảng,0.328951,0.375183,0.418721,0.516022,0.586508,0.822204,1.048455,1.297725,1.55362
Hà Nam,Lý Nhân,0.117418,0.13874,0.219291,0.232993,0.284793,0.40219,0.681971,0.762604,1.206718
Hà Nam,Phủ Lý,2.035418,2.262466,2.883566,3.626557,4.201929,4.648387,5.76331,7.132969,7.812206
Hà Nam,Thanh Liêm,0.585419,0.699022,0.946945,1.133683,1.384777,1.487519,1.731055,1.923715,2.100553
Hà Nội,Ba Vì,0.194183,0.213846,0.25799,0.309535,0.32574,0.402825,0.479589,0.641285,0.686431
Hà Nội,Ba Đình,27.544867,28.679354,32.145739,32.225583,35.564069,33.412079,32.523328,33.871398,31.595524
Hà Nội,Bắc Từ Liêm,14.465978,12.031275,17.640356,15.177015,15.831252,17.105093,17.325874,18.429685,16.730398
Hà Nội,Chương Mỹ,0.787131,0.843701,0.973914,0.957636,1.154887,1.372257,1.512954,1.563662,1.912387
Hà Nội,Cầu Giấy,28.351264,29.393028,33.909928,35.223935,38.726628,35.319607,36.577241,37.269322,32.845261
Hà Nội,Gia Lâm,3.457816,3.999995,4.600915,5.114452,5.629801,6.349147,7.111839,9.693072,9.566569
Hà Nội,Hai Bà Trưng,23.678225,23.795061,29.282167,28.981973,30.881696,30.953987,31.581673,32.028746,29.247713
Hà Nội,Hoài Đức,4.156738,4.567765,5.679537,5.845041,6.139516,6.997508,7.474776,8.509565,8.778137
Hà Nội,Hoàn Kiếm,31.598076,31.778472,42.727065,42.349883,47.253184,44.857207,38.405503,40.404141,37.879607
Hà Nội,Hoàng Mai,11.901622,13.032162,15.157077,16.906123,18.555761,18.00163,17.950082,18.018603,16.404285
Hà Nội,Hà Đông,8.777979,10.232548,11.337116,12.457716,14.424054,14.387842,16.391901,17.303021,15.532108
Hà Nội,Long Biên,10.086178,10.895814,14.248997,15.514032,16.513897,17.281646,18.366732,18.13338,16.990051
Hà Nội,Mê Linh,2.549243,2.486087,3.428289,3.456235,3.363606,5.263254,5.662998,7.332515,6.758138
Hà Nội,Mỹ Đức,0.260686,0.367657,0.437714,0.391338,0.463137,0.631081,0.667606,0.766671,0.813606
Hà Nội,Nam Từ Liêm,13.154679,15.593241,18.81374,19.593936,24.133103,23.706661,24.608552,26.32049,23.669814
Hà Nội,Phú Xuyên,0.61232,0.669802,0.84004,0.834204,0.997433,1.158529,1.352089,1.336794,1.505828
Hà Nội,Phúc Thọ,0.700984,0.831244,1.018523,1.057037,1.158906,1.400277,1.62226,1.920878,2.017565
Hà Nội,Quốc Oai,1.200992,1.151616,1.389826,1.564932,1.594679,1.828836,2.275847,2.609733,2.712913
Hà Nội,Sóc Sơn,1.427271,1.725379,1.963988,2.553806,2.406671,3.092269,3.085072,3.454657,2.886324
Hà Nội,Sơn Tây,1.444741,1.461316,1.925532,1.861739,2.048096,2.355865,2.241115,2.670823,2.562295
Hà Nội,Thanh Oai,0.566419,0.736181,0.794456,0.900368,1.302057,1.640947,2.168791,2.509668,2.398874
Hà Nội,Thanh Trì,5.178219,6.048361,6.312715,6.645699,6.985926,8.047844,8.715436,8.447201,8.369011
Hà Nội,Thanh Xuân,24.375575,24.286019,28.353765,28.817171,32.045264,31.002941,31.245201,30.127544,26.490706
Hà Nội,Thường Tín,1.350031,1.560455,1.985131,2.010508,2.410277,2.879625,3.143348,3.35891,3.432762
Hà Nội,Thạch Thất,0.954682,1.040813,1.213578,1.420484,1.497279,1.679312,1.92409,2.263095,2.275645
Hà Nội,Tây Hồ,9.491156,9.999964,11.454029,14.300689,15.559247,15.653662,16.083871,16.879752,14.559622
Hà Nội,Đan Phượng,2.876921,3.311968,4.101949,4.044211,3.544978,4.556651,5.017379,5.657871,6.22959
Hà Nội,Đông Anh,3.529308,3.652241,4.372859,5.449243,5.187445,6.808553,6.702537,7.98389,7.811236
Hà Nội,Đống Đa,26.501704,25.099458,29.387552,30.394855,31.959876,31.432867,32.716001,34.641925,29.282879
Hà Nội,Ứng Hòa,0.334348,0.359907,0.47132,0.393529,0.473756,0.602521,0.705573,0.862721,1.049363
Hà Tĩnh,Can Lộc,0.034936,0.069101,0.065429,0.083243,0.076789,0.138392,0.160337,0.158768,0.207023
Hà Tĩnh,Cẩm Xuyên,0.05069,0.061565,0.081973,0.105485,0.10399,0.131576,0.180222,0.190954,0.270549
Hà Tĩnh,Hà Tĩnh,2.81729,3.015479,3.920121,5.138996,4.984137,5.655919,6.675024,6.467503,6.777516
Hà Tĩnh,Hương Khê,0.001985,0.000883,0.002149,0.00389,0.003819,0.011124,0.013194,0.013974,0.01407
Hà Tĩnh,Hương Sơn,0.00192,0.003813,0.011374,0.015333,0.010378,0.016163,0.019112,0.010315,0.016077
Hà Tĩnh,Hồng Lĩnh,0.423999,0.587823,0.826106,1.106863,1.293704,1.875672,1.588198,1.559305,2.00902
Hà Tĩnh,Kỳ Anh,0.028227,0.032018,0.061211,0.059065,0.047224,0.072492,0.092453,0.098695,0.120272
Hà Tĩnh,Kỳ Anh (Thị xã),0.513512,0.564082,1.277212,2.772954,4.512347,5.431845,4.946668,4.445282,3.84827
Hà Tĩnh,Lộc Hà,0.032449,0.034575,0.179945,0.198224,0.278124,0.477635,0.443266,0.375401,0.552646
Hà Tĩnh,Nghi Xuân,0.137245,0.171512,0.225468,0.302886,0.369112,0.469464,0.62284,0.73476,0.828655
Hà Tĩnh,Thạch Hà,0.114985,0.157031,0.196242,0.22818,0.248133,0.328978,0.4538,0.464746,0.580101
Hà Tĩnh,Vũ Quang,0.003524,0.003783,0.005452,0.018312,0.007851,0.019341,0.02611,0.011336,0.010827
Hà Tĩnh,Đức Thọ,0.008289,0.022222,0.033482,0.051183,0.066332,0.113707,0.099697,0.105867,0.188568
Hưng Yên,Hưng Yên,2.348781,2.614045,3.11488,3.50835,3.671303,3.843909,4.166785,3.703494,4.123819
Hưng Yên,Khoái Châu,0.313802,0.394787,0.563089,0.608264,0.820436,1.051434,1.384888,1.61886,1.940063
Hưng Yên,Kim Động,0.368585,0.355896,0.493252,0.653613,0.655872,0.74611,0.962227,0.947847,1.10322
Hưng Yên,Mỹ Hào,1.423533,1.899533,2.140649,2.336347,2.702461,3.264959,3.357842,4.148922,4.469554
Hưng Yên,Phù Cừ,0.060459,0.064518,0.088022,0.1312,0.130631,0.170108,0.394642,0.580142,0.72164
Hưng Yên,Tiên Lữ,0.215758,0.232822,0.324129,0.503516,0.478679,0.676836,0.923672,0.974737,1.114186
Hưng Yên,Văn Giang,1.867932,1.958065,2.416492,2.587185,3.67167,4.092896,4.948849,5.256963,5.683921
Hưng Yên,Văn Lâm,2.425296,2.861999,3.2691,3.548905,4.007741,4.528763,5.154266,5.611418,5.610592
Hưng Yên,Yên Mỹ,1.585037,2.169448,2.326805,2.482858,3.108332,3.231749,3.705004,3.975861,4.098778
Hưng Yên,Ân Thi,0.165149,0.117185,0.230788,0.306447,0.491902,0.563253,0.704618,0.806375,0.896145
Hải Dương,Bình Giang,0.319126,0.42409,0.523286,0.586651,0.613541,0.824257,0.996202,1.189139,1.501682
Hải Dương,Chí Linh,0.321634,0.354695,0.37346,0.403287,0.449753,0.669054,0.922136,1.171839,1.367281
Hải Dương,Cẩm Giàng,1.24072,1.558813,1.60453,1.750773,1.84329,2.122457,2.5739,2.475,3.03451
Hải Dương,Gia Lộc,0.475389,0.431747,0.542536,0.59125,1.121117,1.174624,1.473824,1.67253,2.000818
Hải Dương,Hải Dương,4.277784,5.041026,5.687739,5.562637,5.799782,6.026868,7.261613,8.217097,8.546784
Hải Dương,Kim Thành,0.655521,0.711617,0.928805,1.057586,1.073858,1.419922,1.698957,1.799464,2.067876
Hải Dương,Kinh Môn,0.922858,1.183603,1.322861,1.390666,1.387036,1.588923,2.008669,2.102846,2.468988
Hải Dương,Nam Sách,0.413248,0.371529,0.4561,0.499744,0.5889,0.709335,0.973994,1.000128,1.519862
Hải Dương,Ninh Giang,0.162259,0.170483,0.251059,0.247089,0.267027,0.303352,0.425816,0.476446,0.610629
Hải Dương,Thanh Hà,0.179589,0.225308,0.278663,0.237884,0.345201,0.54883,0.639645,0.734013,1.027333
Hải Dương,Thanh Miện,0.063451,0.112903,0.16403,0.238641,0.232366,0.333321,0.545658,0.59639,0.799751
Hải Dương,Tứ Kỳ,0.173319,0.207117,0.292688,0.271757,0.457438,0.546475,0.675433,0.769059,1.107377
Hải Phòng,An Dương,2.899546,3.471004,3.857639,4.657218,5.311445,6.117357,6.328784,6.425179,7.148967
Hải Phòng,An Lão,0.479057,0.61904,0.793001,0.906079,1.611724,1.870363,1.954034,2.098391,2.513565
Hải Phòng,Bạch Long Vĩ,0.46982,0.428585,0.376425,0.351339,0.707957,1.008364,0.787672,0.648265,0.419318
Hải Phòng,Cát Hải,0.05266,0.059211,0.102966,0.180994,0.202065,0.272577,0.526541,0.641091,0.682105
Hải Phòng,Dương Kinh,2.447241,3.053697,3.534589,4.24611,5.312223,5.932817,5.95262,5.983194,6.031362
Hải Phòng,Hải An,7.494956,9.160766,11.98721,14.439869,15.904398,16.822073,18.735064,17.408895,17.495832
Hải Phòng,Hồng Bàng,12.329013,15.051251,17.425886,18.020176,16.996859,19.731911,21.796634,20.274898,19.929323
Hải Phòng,Kiến An,4.043482,4.876537,5.202909,5.739232,5.635811,6.284006,6.152429,7.503397,7.951824
Hải Phòng,Kiến Thuỵ,0.295446,0.360815,0.500228,0.632726,0.73823,1.054872,1.314755,1.528031,2.015137
Hải Phòng,Lê Chân,11.075986,14.439799,16.161401,16.949367,16.801323,18.092118,20.073482,21.406318,22.447497
Hải Phòng,Ngô Quyền,17.570605,21.535904,25.606884,26.098826,25.496582,25.749139,26.725813,22.631609,25.187252
Hải Phòng,Thuỷ Nguyên,1.922974,2.33104,2.769123,3.080411,3.001356,3.286992,3.719148,3.548193,3.911613
Hải Phòng,Tiên Lãng,0.121686,0.143516,0.196139,0.198979,0.288047,0.40453,0.466826,0.636039,0.891144
Hải Phòng,Vĩnh Bảo,0.14482,0.186433,0.245489,0.303189,0.375523,0.484248,0.605549,0.753046,0.972507
Hải Phòng,Đồ Sơn,1.637249,2.062983,2.172358,2.153104,2.387965,3.245769,3.052484,3.41148,4.460008
Hậu Giang,Châu Thành,0.400394,0.405021,0.481874,0.597551,0.960162,1.30128,1.449139,1.54208,1.878428
Hậu Giang,Châu Thành A,0.221043,0.302188,0.348193,0.402164,0.443725,0.599094,0.762068,1.002353,1.202801
Hậu Giang,Long Mỹ,0.027706,0.057845,0.063474,0.082944,0.079955,0.128698,0.16352,0.136716,0.187728
Hậu Giang,Long Mỹ (Thị xã),0.237149,0.313717,0.348909,0.372485,0.355148,0.394473,0.514841,0.50917,0.655565
Hậu Giang,Ngã Bảy,1.281461,1.46314,1.407188,1.616228,1.51808,1.755186,1.596105,1.680609,1.771998
Hậu Giang,Phụng Hiệp,0.068229,0.090855,0.127587,0.17812,0.177877,0.21107,0.266875,0.306098,0.389529
Hậu Giang,Vị Thanh,1.615233,1.615057,1.649138,1.725358,1.787238,1.811428,1.907138,2.063245,2.418216
Hậu Giang,Vị Thuỷ,0.206052,0.278734,0.282593,0.352033,0.323049,0.421438,0.420518,0.474127,0.578389
Hồ Chí Minh,Bình Chánh,5.639068,5.852062,6.497821,7.002819,7.698792,8.950549,9.555727,10.042413,10.35293
Hồ Chí Minh,Bình Thạnh,24.064,23.946897,26.861757,30.052615,30.929817,32.788838,32.272927,33.601049,32.315801
Hồ Chí Minh,Bình Tân,19.964403,19.647151,21.189608,22.486396,24.442141,25.807967,26.203466,28.213165,28.573357
Hồ Chí Minh,Cần Giờ,0.466168,0.580753,0.616448,0.809578,0.874972,1.036581,1.097956,1.171427,1.247797
Hồ Chí Minh,Củ Chi,2.653225,2.888304,3.260135,3.46673,3.605284,4.069836,4.60606,5.123421,5.684275
Hồ Chí Minh,Gò Vấp,18.69637,18.543897,21.820877,23.118037,26.841695,28.615555,32.471471,35.070582,35.6023
Hồ Chí Minh,Hóc Môn,6.736123,6.753342,7.672837,7.998972,8.746844,10.067006,10.605773,12.297213,12.974634
Hồ Chí Minh,Nhà Bè,6.897391,7.071031,7.553225,8.593298,9.257062,11.394384,11.690412,12.770939,13.05765
Hồ Chí Minh,Phú Nhuận,35.694258,34.152456,36.009229,36.988044,40.974727,43.814199,43.043931,45.146162,45.64374
Hồ Chí Minh,Quận 1,44.984265,45.426357,47.26837,51.693654,56.701435,61.242563,62.061849,63.820413,58.04782
Hồ Chí Minh,Quận 10,32.937125,33.39558,36.136502,37.899423,40.462782,43.669623,45.598674,48.445733,48.371573
Hồ Chí Minh,Quận 11,32.619573,32.461177,35.881707,36.668088,39.069139,41.194242,41.192439,44.064425,42.810129
Hồ Chí Minh,Quận 12,15.282716,15.059045,16.520602,16.537834,18.255,20.541621,21.792445,23.940238,25.109238
Hồ Chí Minh,Quận 2,22.126176,23.143579,23.936312,27.705005,29.275891,32.583525,33.375826,33.976538,33.149019
Hồ Chí Minh,Quận 3,35.7307,37.023488,39.813665,41.131687,44.461678,47.925638,48.474551,51.34746,48.375918
Hồ Chí Minh,Quận 4,37.414728,34.908691,37.622418,42.420398,46.529926,51.667218,46.859787,49.567877,45.714136
Hồ Chí Minh,Quận 5,46.586047,45.636771,43.77876,46.298737,50.68591,51.517737,52.588928,55.153986,52.317749
Hồ Chí Minh,Quận 6,41.87621,37.712395,42.26288,43.943464,47.379367,50.080357,47.185125,50.176245,48.011775
Hồ Chí Minh,Quận 7,25.056495,25.66222,26.065854,28.391177,30.110968,33.385969,33.591756,35.555071,34.183225
Hồ Chí Minh,Quận 8,27.00224,25.279836,27.246691,28.330099,30.892175,35.028214,35.673396,37.826092,37.729365
Hồ Chí Minh,Quận 9,6.97556,7.334079,9.247143,10.708188,12.445618,14.588716,16.324103,17.440159,17.707609
Hồ Chí Minh,Thủ Đức,18.603498,18.011641,19.550909,21.869514,23.731631,24.412446,26.252757,27.904785,28.429048
Hồ Chí Minh,Tân Bình,25.891767,24.966926,27.696229,30.089031,39.19171,38.190411,39.190199,47.72998,42.751972
Hồ Chí Minh,Tân Phú,29.92536,26.743908,30.486585,31.373384,34.20247,36.234918,36.695926,40.152813,39.898161
Khánh Hòa,Cam Lâm,0.272239,0.283485,0.357026,0.387483,0.465026,0.634751,0.745174,0.897548,0.892834
Khánh Hòa,Cam Ranh,0.495696,0.688117,1.005686,1.272115,1.466672,1.681431,1.855035,2.038507,2.01606
Khánh Hòa,Diên Khánh,0.286709,0.436401,0.516326,0.609351,0.592729,0.68339,1.088578,1.137731,1.189122
Khánh Hòa,Khánh Sơn,0.002135,0.000573,0.003203,0.004767,0.005372,0.0117,0.014079,0.060985,0.088126
Khánh Hòa,Khánh Vĩnh,0.004853,0.009116,0.016078,0.015054,0.013359,0.017355,0.027549,0.031519,0.044641
Khánh Hòa,Nha Trang,3.287586,3.803488,4.427951,5.152452,5.882295,6.15806,7.569837,7.825527,7.864757
Khánh Hòa,Ninh Hòa,0.187674,0.216391,0.269729,0.342164,0.329146,0.382348,0.504583,0.501763,0.547219
Khánh Hòa,Vạn Ninh,0.13276,0.206927,0.289856,0.422931,0.406784,0.526053,0.627681,0.570912,0.593478
Kiên Giang,An Biên,0.038249,0.059162,0.063164,0.069886,0.070697,0.103397,0.111182,0.13572,0.260608
Kiên Giang,An Minh,0.011706,0.0215,0.028825,0.028014,0.018808,0.044909,0.062224,0.082312,0.097182
Kiên Giang,Châu Thành,0.288697,0.377362,0.447071,0.5399,0.55317,0.746702,0.886235,0.978086,1.169377
Kiên Giang,Giang Thành,0.001627,0.002117,0.001599,0.00341,0.020529,0.059892,0.073512,0.096353,0.105103
Kiên Giang,Giồng Riềng,0.00975,0.023373,0.034859,0.044024,0.053306,0.128015,0.176151,0.185005,0.287405
Kiên Giang,Gò Quao,0.042592,0.054978,0.056152,0.074555,0.073622,0.110127,0.120528,0.14511,0.188515
Kiên Giang,Hà Tiên,0.48192,0.633714,0.677715,0.745941,0.825994,1.067393,1.169721,1.583896,1.882498
Kiên Giang,Hòn Đất,0.060514,0.05352,0.052948,0.064749,0.050043,0.07827,0.069343,0.086935,0.111682
Kiên Giang,Kiên Hải,0.024004,0.039064,0.028909,0.045266,0.02232,0.281813,0.579118,0.49092,0.589652
Kiên Giang,Kiên Lương,0.135018,0.169653,0.176137,0.205777,0.207949,0.297831,0.345088,0.369677,0.425572
Kiên Giang,Phú Quốc,0.023162,0.060576,0.085666,0.288474,0.569874,0.999512,1.283893,1.632198,1.445241
Kiên Giang,Rạch Giá,2.492356,2.712366,3.30034,3.705678,4.184326,4.747936,4.83537,5.398477,5.798139
Kiên Giang,Tân Hiệp,0.063187,0.060612,0.092692,0.105728,0.091814,0.133304,0.138066,0.189732,0.258942
Kiên Giang,U Minh Thượng,0.010689,0.034771,0.033184,0.070426,0.073955,0.118577,0.154301,0.133727,0.187127
Kiên Giang,Vĩnh Thuận,0.039778,0.038318,0.048596,0.050692,0.057089,0.067171,0.084449,0.099737,0.130901
Kon Tum,Ia H' Drai,0.01013,0.011046,0.008123,0.008472,0.006618,0.010938,0.017614,0.013627,0.025538
Kon Tum,Kon Plông,0.005875,0.008392,0.006752,0.009027,0.013444,0.019165,0.020822,0.019795,0.023174
Kon Tum,Kon Rẫy,0.012922,0.009631,0.008495,0.018836,0.02393,0.026495,0.041593,0.033802,0.037176
Kon Tum,Kon Tum,0.757832,0.825265,0.838446,0.825705,0.774267,0.907946,0.962324,0.923666,1.085635
Kon Tum,Ngọc Hồi,0.015834,0.020085,0.017833,0.022923,0.019117,0.038594,0.049957,0.047017,0.063551
Kon Tum,Sa Thầy,0.014127,0.014016,0.012736,0.015206,0.009076,0.019222,0.024489,0.021968,0.026899
Kon Tum,Tu Mơ Rông,0.001368,0.001134,0.001032,0.00205,0.000912,0.006572,0.007906,0.005091,0.005118
Kon Tum,Đắk Glei,0.006663,0.012437,0.010985,0.011185,0.009081,0.013487,0.015002,0.014387,0.018474
Kon Tum,Đắk Hà,0.045166,0.047573,0.054303,0.054201,0.047829,0.083689,0.087969,0.092533,0.088891
Kon Tum,Đắk Tô,0.056906,0.07121,0.061824,0.066551,0.061485,0.084245,0.10959,0.127944,0.149921
Lai Châu,Lai Châu,1.197716,1.703803,1.661897,2.143991,3.403844,3.307058,2.812849,2.815719,2.311079
Lai Châu,Mường Tè,0.0,0.000699,0.000416,0.001359,0.000613,0.002112,0.002554,0.007867,0.007159
Lai Châu,Nậm Nhùn,0.019302,0.030197,0.043712,0.032025,0.01614,0.020636,0.020393,0.023369,0.0177
Lai Châu,Phong Thổ,0.004212,0.005433,0.004381,0.006742,0.008541,0.019368,0.019908,0.017828,0.02157
Lai Châu,Sìn Hồ,0.003392,0.003686,0.003922,0.0036,0.003215,0.004929,0.004036,0.00413,0.004746
Lai Châu,Tam Đường,0.017107,0.019091,0.024475,0.034753,0.051102,0.051906,0.054313,0.06502,0.055146
Lai Châu,Than Uyên,0.028519,0.025975,0.025945,0.029221,0.026738,0.034199,0.030182,0.027642,0.03105
Lai Châu,Tân Uyên,0.001966,0.003791,0.001823,0.004403,0.003376,0.010141,0.005683,0.010066,0.009052
Long An,Bến Lức,1.492903,1.540656,1.697313,2.113976,2.676484,3.362445,4.665131,6.738195,6.640587
Long An,Châu Thành,57.777126,81.804481,90.573599,119.604149,108.388484,190.766833,262.536126,330.739315,247.40201
Long An,Cần Giuộc,1.138009,1.368453,1.971093,2.427754,2.753767,3.494037,4.349461,5.03032,5.651365
Long An,Cần Đước,0.592021,0.788891,1.175035,1.756121,2.067742,3.188809,5.020163,6.266908,6.109496
Long An,Kiến Tường,0.141482,0.15757,0.176562,0.259025,0.30192,0.316797,0.375853,0.459639,0.55178
Long An,Mộc Hóa,0.01215,0.017482,0.028097,0.054797,0.077225,0.095939,0.133711,0.161225,0.547863
Long An,Thạnh Hóa,0.033044,0.034368,0.035589,0.044349,0.049036,0.180524,0.256067,0.416,0.724274
Long An,Thủ Thừa,0.330601,0.37369,0.459186,0.562481,0.918989,1.407852,2.185663,3.76957,4.872805
Long An,Tân An,4.986388,6.631247,8.241775,9.051224,12.328082,17.92807,34.097779,46.718293,45.111424
Long An,Tân Hưng,0.02034,0.023597,0.035201,0.033188,0.032797,0.036686,0.047198,0.077385,0.118934
Long An,Tân Thạnh,0.036671,0.041048,0.056979,0.092925,0.097521,0.158064,0.18161,0.191106,0.278621
Long An,Tân Trụ,0.54049,1.587253,1.997474,3.607949,6.08603,9.929543,25.048536,47.891151,40.640015
Long An,Vĩnh Hưng,0.05533,0.058161,0.088159,0.097689,0.102536,0.107986,0.137621,0.162756,0.244763
Long An,Đức Huệ,0.34731,0.177405,0.165181,0.053124,0.071704,0.174572,0.164427,0.334455,0.394573
Long An,Đức Hòa,0.92703,0.975723,1.166612,1.330827,1.592204,2.074471,2.620646,2.87478,3.203646
Lào Cai,Bát Xát,0.004574,0.009735,0.00644,0.019629,0.016398,0.034278,0.043861,0.041276,0.037346
Lào Cai,Bảo Thắng,0.083721,0.1634,0.205291,0.209899,0.253258,0.262325,0.283587,0.193294,0.214823
Lào Cai,Bảo Yên,0.000266,0.00109,0.002225,0.003556,0.00601,0.008463,0.007089,0.006996,0.008606
Lào Cai,Bắc Hà,0.007747,0.009661,0.008549,0.014085,0.011896,0.019586,0.018743,0.014685,0.011268
Lào Cai,Lào Cai,0.401015,0.618656,0.494865,0.688832,0.912829,1.131247,0.940229,1.188504,1.20651
Lào Cai,Mường Khương,0.0,0.0,0.000689,0.000837,0.002888,0.002198,0.000194,0.0,0.00417
Lào Cai,Sa Pa,0.017898,0.01815,0.033949,0.08969,0.115049,0.171308,0.171842,0.189772,0.142635
Lào Cai,Si Ma Cai,0.0,0.0,0.0,0.0,0.0,0.004589,0.00527,0.005552,0.006085
Lào Cai,Văn Bàn,0.002512,0.004368,0.003593,0.008247,0.00693,0.019436,0.014219,0.006904,0.009921
Lâm Đồng,Bảo Lâm,0.036348,0.050217,0.050256,0.061847,0.048576,0.059673,0.083858,0.081806,0.114316
Lâm Đồng,Bảo Lộc,0.32218,0.442566,0.551002,0.548659,0.64777,0.847608,1.008228,1.116618,1.347994
Lâm Đồng,Cát Tiên,0.016274,0.021578,0.025134,0.077871,0.082242,0.104999,0.140901,0.162364,0.205369
Lâm Đồng,Di Linh,0.036812,0.038531,0.037517,0.051252,0.044807,0.063585,0.078742,0.075175,0.097214
Lâm Đồng,Lâm Hà,0.026575,0.035711,0.031756,0.048637,0.068951,0.139402,0.325291,0.582276,0.590639
Lâm Đồng,Lạc Dương,0.142859,0.183949,0.198866,0.250374,0.321496,0.448768,0.585918,0.539545,0.531113
Lâm Đồng,Đam Rông,0.009268,0.014399,0.01546,0.024231,0.018048,0.029392,0.038758,0.038483,0.057125
Lâm Đồng,Đà Lạt,3.552055,4.599314,4.802046,5.143612,5.770717,6.779644,8.55243,8.779817,8.783162
Lâm Đồng,Đơn Dương,0.215864,0.298133,0.299698,0.359822,0.353824,0.442183,0.518531,0.491135,0.602484
Lâm Đồng,Đạ Huoai,0.035523,0.06065,0.071567,0.098617,0.115329,0.165479,0.221622,0.244248,0.315356
Lâm Đồng,Đạ Tẻh,0.02461,0.036648,0.033106,0.054328,0.062124,0.081107,0.101551,0.115015,0.148466
Lâm Đồng,Đức Trọng,0.158292,0.181456,0.212688,0.285731,0.286729,0.369879,0.474376,0.492162,0.563167
Lạng Sơn,Bình Gia,0.003632,0.003375,0.001137,0.003777,0.009823,0.013402,0.01198,0.010136,0.020861
Lạng Sơn,Bắc Sơn,0.008883,0.01086,0.012577,0.014432,0.02089,0.021673,0.022182,0.024877,0.024292
Lạng Sơn,Cao Lộc,0.053809,0.071874,0.085433,0.108272,0.128609,0.17605,0.226919,0.220269,0.207819
Lạng Sơn,Chi Lăng,0.022245,0.017081,0.016335,0.020775,0.019924,0.035749,0.03258,0.040725,0.051563
Lạng Sơn,Hữu Lũng,0.01595,0.022172,0.030912,0.037018,0.033786,0.060332,0.062185,0.069459,0.054885
Lạng Sơn,Lạng Sơn,1.068363,1.407186,1.669522,1.791919,1.977627,2.154104,2.400482,2.523959,2.333627
Lạng Sơn,Lộc Bình,0.015312,0.017479,0.021169,0.025043,0.03585,0.053268,0.053079,0.065039,0.06341
Lạng Sơn,Tràng Định,0.006695,0.0105,0.009251,0.016068,0.01447,0.018028,0.019164,0.019573,0.019689
Lạng Sơn,Văn Lãng,0.006592,0.015042,0.019793,0.042214,0.049913,0.063712,0.083873,0.074411,0.102187
Lạng Sơn,Văn Quan,0.0,0.0,0.001327,0.00206,0.001116,0.004026,0.004144,0.004504,0.003774
Lạng Sơn,Đình Lập,0.001324,0.000831,0.000986,0.002011,0.002944,0.017438,0.015534,0.018846,0.023329
Nam Định,Giao Thủy,0.125381,0.197443,0.335245,0.387249,0.497217,0.855979,1.164843,1.413501,1.572661
Nam Định,Hải Hậu,0.198931,0.272687,0.377467,0.381816,0.456878,0.8942,1.247469,1.611817,2.042719
Nam Định,Mỹ Lộc,2.885847,2.660189,3.752372,4.171908,4.046295,5.073895,4.96563,5.088413,4.428406
Nam Định,Nam Trực,0.368717,0.383463,0.46216,0.478588,0.552051,0.871672,1.009016,1.244996,1.347376
Nam Định,Nam Định,6.768953,7.356987,9.928601,9.630976,9.438508,11.502184,11.659141,12.245657,12.314104
Nam Định,Nghĩa Hưng,0.079396,0.113176,0.172768,0.197103,0.234283,0.478233,0.669657,0.838708,1.05649
Nam Định,Trực Ninh,0.181378,0.169341,0.26903,0.320977,0.377349,0.652835,0.839858,1.171315,1.593057
Nam Định,Vụ Bản,0.257492,0.319882,0.480756,0.523152,0.510327,0.803722,0.886994,0.980753,1.011164
Nam Định,Xuân Trường,0.21899,0.269445,0.334439,0.416993,0.513575,0.892128,1.223157,1.52306,1.858026
Nam Định,Ý Yên,0.325877,0.375672,0.410871,0.400941,0.435423,0.695341,0.751663,0.833683,1.040713
Nghệ An,Anh Sơn,0.006157,0.004869,0.007543,0.015509,0.013866,0.022138,0.020929,0.02782,0.026088
Nghệ An,Con Cuông,0.000305,0.0,0.002904,0.003932,0.004335,0.003233,0.003925,0.003802,0.004846
Nghệ An,Cửa Lò,1.096493,1.292498,1.522743,1.392006,1.921068,2.248565,2.520295,2.736852,2.432398
Nghệ An,Diễn Châu,0.160914,0.154287,0.270965,0.294346,0.312731,0.467487,0.663852,0.642406,0.776647
Nghệ An,Hoàng Mai,0.171851,0.261405,0.414174,0.48359,0.740768,1.033697,1.651419,1.301126,1.663498
Nghệ An,Hưng Nguyên,0.202091,0.261717,0.316877,0.422878,0.424788,0.586337,0.722987,0.792099,0.960445
Nghệ An,Kỳ Sơn,0.001113,0.000772,0.000898,0.001208,0.000803,0.002661,0.002906,0.003276,0.002515
Nghệ An,Nam Đàn,0.038277,0.037684,0.103673,0.097629,0.100313,0.153115,0.205046,0.28296,0.322533
Nghệ An,Nghi Lộc,0.143404,0.192074,0.232988,0.261316,0.40326,0.486656,0.581592,0.600079,0.671729
Nghệ An,Nghĩa Đàn,0.020033,0.024098,0.076592,0.077088,0.074325,0.108424,0.138347,0.149286,0.150741
Nghệ An,Quế Phong,0.00484,0.002658,0.002074,0.00292,0.003313,0.008022,0.008776,0.009244,0.005783
Nghệ An,Quỳ Châu,0.003816,0.007811,0.000895,0.003664,0.002165,0.00345,0.003322,0.003289,0.00392
Nghệ An,Quỳ Hợp,0.042194,0.035211,0.042521,0.034855,0.026171,0.045605,0.055425,0.059215,0.068217
Nghệ An,Quỳnh Lưu,0.0554,0.077807,0.162671,0.158703,0.172387,0.266575,0.40552,0.38865,0.501608
Nghệ An,Thanh Chương,0.000632,0.000926,0.004507,0.003382,0.002646,0.005191,0.008921,0.010519,0.012608
Nghệ An,Thái Hoà,0.124496,0.126469,0.242441,0.238571,0.111074,0.124526,0.26913,0.36291,0.353504
Nghệ An,Tân Kỳ,0.003383,0.003952,0.012388,0.012067,0.011424,0.018871,0.030788,0.025753,0.040369
Nghệ An,Tương Dương,0.005489,0.005601,0.006361,0.007849,0.005715,0.006004,0.00503,0.004812,0.004637
Nghệ An,Vinh,4.431456,4.776027,6.154085,6.649304,6.182027,6.405039,7.70029,7.912489,7.635556
Nghệ An,Yên Thành,0.008987,0.003934,0.030101,0.029743,0.023561,0.049182,0.103265,0.121816,0.187255
Nghệ An,Đô Lương,0.02941,0.028174,0.041449,0.097799,0.073678,0.102289,0.142111,0.144319,0.200117
Ninh Bình,Gia Viễn,0.226192,0.227012,0.26957,0.329046,0.343857,0.53853,0.723431,0.877343,1.036133
Ninh Bình,Hoa Lư,0.555169,0.703446,0.787227,0.901332,0.836262,1.333023,1.377605,1.407355,1.455396
Ninh Bình,Kim Sơn,0.079531,0.115199,0.154406,0.146969,0.135265,0.277924,0.3916,0.568006,0.956644
Ninh Bình,Nho Quan,0.01653,0.025638,0.033237,0.039679,0.047681,0.069983,0.136557,0.137472,0.180248
Ninh Bình,Ninh Bình,4.493836,4.693961,6.328174,6.348447,7.223596,8.617105,9.995959,10.493894,9.933644
Ninh Bình,Tam Điệp,0.503552,0.61388,0.792337,0.835336,0.638256,0.833182,0.873828,0.875493,0.869184
Ninh Bình,Yên Khánh,0.505646,0.491372,0.585427,0.438438,0.47514,0.805776,1.021252,1.133317,1.200432
Ninh Bình,Yên Mô,0.075664,0.093435,0.108458,0.141483,0.194565,0.281143,0.388384,0.500605,0.685691
Ninh Thuận,Bác Ái,0.0039,0.008532,0.009421,0.009362,0.008295,0.009189,0.015829,0.021429,0.04208
Ninh Thuận,Ninh Hải,0.347067,0.46684,0.530426,0.548123,0.548577,0.626406,0.682556,0.747254,0.868713
Ninh Thuận,Ninh Phước,0.230525,0.273812,0.319325,0.358464,0.335313,0.399257,0.498398,0.642516,0.728253
Ninh Thuận,Ninh Sơn,0.036232,0.04021,0.043498,0.046968,0.046649,0.070594,0.107566,0.142263,0.184888
Ninh Thuận,Phan Rang-Tháp Chàm,3.501962,3.996615,4.282364,4.417861,4.212963,4.475937,5.154883,5.441738,5.666769
Ninh Thuận,Thuận Bắc,0.053196,0.071474,0.112521,0.140011,0.105789,0.17021,0.181472,0.204165,0.270285
Ninh Thuận,Thuận Nam,0.056534,0.079006,0.137129,0.141439,0.11865,0.190989,0.246651,0.375399,0.484641
Phú Thọ,Cẩm Khê,0.02114,0.012807,0.002664,0.045168,0.052823,0.103247,0.145107,0.191523,0.161927
Phú Thọ,Hạ Hoà,0.005729,0.009578,0.008874,0.01638,0.021601,0.02186,0.025857,0.052054,0.036698
Phú Thọ,Lâm Thao,0.14948,0.228319,0.276235,0.340105,0.526207,0.58598,0.71081,0.677518,0.723993
Phú Thọ,Phù Ninh,0.151222,0.209858,0.24309,0.271168,0.332024,0.342309,0.402144,0.500348,0.641183
Phú Thọ,Phú Thọ,0.473518,0.609742,0.524457,0.786745,1.552536,1.77093,2.222842,2.222037,2.13574
Phú Thọ,Tam Nông,0.078032,0.103706,0.159438,0.148786,0.172355,0.304643,0.306277,0.270885,0.357229
Phú Thọ,Thanh Ba,0.102184,0.095711,0.075495,0.095012,0.158782,0.175208,0.255044,0.262033,0.289695
Phú Thọ,Thanh Sơn,0.03462,0.039947,0.040554,0.04153,0.037133,0.052666,0.056263,0.063068,0.066845
Phú Thọ,Thanh Thuỷ,0.025016,0.041161,0.072835,0.22096,0.124398,0.154046,0.230539,0.318744,0.285764
Phú Thọ,Tân Sơn,0.006069,0.003036,0.004529,0.003446,0.002796,0.010098,0.014614,0.011465,0.013964
Phú Thọ,Việt Trì,1.358801,1.779515,2.135693,2.688489,3.822159,4.140305,4.814922,5.39373,5.669215
Phú Thọ,Yên Lập,0.005337,0.007876,0.010775,0.018179,0.028899,0.026704,0.045305,0.050382,0.047298
Phú Thọ,Đoan Hùng,0.024229,0.039884,0.038178,0.021992,0.062237,0.06771,0.086909,0.147976,0.143309
Phú Yên,Phú Hoà,0.093286,0.148335,0.304857,0.410974,0.359251,0.416785,0.536506,0.567012,0.623612
Phú Yên,Sông Cầu,0.164044,0.303735,0.352973,0.464135,0.465264,0.576589,0.678825,0.647546,0.698269
Phú Yên,Sông Hinh,0.020386,0.030257,0.035546,0.044933,0.037691,0.045468,0.06071,0.075336,0.09181
Phú Yên,Sơn Hòa,0.035973,0.045488,0.062485,0.081758,0.074316,0.098097,0.134072,0.136913,0.175765
Phú Yên,Tuy An,0.071459,0.121764,0.200579,0.279561,0.260279,0.307571,0.366917,0.34525,0.417139
Phú Yên,Tuy Hoà,3.452347,3.521997,4.466454,4.626556,4.416755,4.524703,5.79242,5.710646,6.110881
Phú Yên,Tây Hoà,0.032617,0.069624,0.099009,0.133498,0.146122,0.167863,0.225977,0.273351,0.306389
Phú Yên,Đông Hòa,0.337053,0.557659,0.769876,1.089036,1.123342,1.270069,1.502435,1.490871,1.629042
Phú Yên,Đồng Xuân,0.004099,0.008094,0.011701,0.017022,0.012669,0.017827,0.021884,0.021658,0.031648
Quảng Bình,Ba Đồn,0.164276,0.084787,0.204747,0.24411,0.242254,0.30267,0.464908,0.496558,0.566658
Quảng Bình,Bố Trạch,0.018596,0.012899,0.024299,0.030884,0.029081,0.0427,0.066755,0.078586,0.102137
Quảng Bình,Lệ Thủy,0.042099,0.024202,0.04332,0.042586,0.036998,0.064944,0.084096,0.098987,0.119944
Quảng Bình,Minh Hóa,3.2e-05,4.3e-05,0.000198,0.001531,0.001281,0.003821,0.010805,0.01813,0.022713
Quảng Bình,Quảng Ninh,0.023819,0.017599,0.033278,0.035934,0.03197,0.051439,0.090567,0.119674,0.109424
Quảng Bình,Quảng Trạch,0.058398,0.052072,0.096658,0.129935,0.109329,0.135149,0.172934,0.174067,0.189041
Quảng Bình,Thành Phố Đồng Hới,1.116083,1.124465,1.523631,2.424567,2.269718,2.517982,3.060432,3.31809,3.187883
Quảng Bình,Tuyên Hóa,0.027943,0.021089,0.021911,0.027812,0.026272,0.034074,0.033505,0.032345,0.033187
Quảng Nam,Bắc Trà My,0.010856,0.013448,0.022096,0.030364,0.019492,0.02926,0.034511,0.032246,0.041208
Quảng Nam,Duy Xuyên,0.131608,0.181066,0.356518,0.531528,0.523478,0.804911,0.955639,1.005823,1.324118
Quảng Nam,Hiệp Đức,0.002741,0.002111,0.016391,0.012944,0.016496,0.027833,0.036032,0.050579,0.071103
Quảng Nam,Hội An,2.485237,2.619485,3.560722,3.823238,3.448344,4.404458,5.672689,6.418145,6.484927
Quảng Nam,Nam Giang,0.013107,0.017636,0.02317,0.013011,0.006543,0.013538,0.010812,0.013708,0.018761
Quảng Nam,Nam Trà My,0.000767,0.001193,0.001079,0.006219,0.005322,0.011811,0.011983,0.012976,0.011702
Quảng Nam,Nông Sơn,0.0,0.004911,0.018443,0.014258,0.008548,0.018906,0.019117,0.023827,0.115174
Quảng Nam,Núi Thành,0.274148,0.319229,0.447925,0.571956,0.544498,0.877092,0.979659,1.178113,1.271915
Quảng Nam,Phú Ninh,0.089196,0.149216,0.169839,0.319425,0.262811,0.332964,0.387979,0.482443,0.722886
Quảng Nam,Phước Sơn,0.017997,0.0255,0.026808,0.017202,0.009871,0.019663,0.013895,0.01858,0.015314
Quảng Nam,Quế Sơn,0.036383,0.08721,0.140074,0.190789,0.242132,0.389346,0.430249,0.523606,0.651701
Quảng Nam,Tam Kỳ,1.931859,2.535701,2.853993,3.626228,3.529685,4.96348,5.366181,5.957292,6.604549
Quảng Nam,Thăng Bình,0.087504,0.158438,0.25335,0.323534,0.391347,0.571398,0.772526,0.869851,1.123957
Quảng Nam,Tiên Phước,0.008522,0.012408,0.03559,0.051249,0.037096,0.064908,0.074787,0.06824,0.113433
Quảng Nam,Tây Giang,0.0,0.0,0.000204,0.00211,0.003335,0.006966,0.00462,0.013078,0.012873
Quảng Nam,Điện Bàn,0.796277,1.036784,1.61227,1.945016,2.042819,2.628326,3.117728,3.418334,3.740563
Quảng Nam,Đông Giang,0.019097,0.015111,0.021401,0.01943,0.011157,0.0226,0.016711,0.020512,0.030655
Quảng Nam,Đại Lộc,0.101139,0.124088,0.18023,0.182578,0.14913,0.215806,0.241566,0.268484,0.354442
Quảng Ngãi,Ba Tơ,0.003105,0.005067,0.009048,0.018728,0.011799,0.011199,0.015069,0.018244,0.024818
Quảng Ngãi,Bình Sơn,0.939379,1.094912,1.176373,1.357929,1.193198,1.421276,2.108867,2.232318,2.255403
Quảng Ngãi,Lý Sơn,0.006999,0.10221,0.045778,0.594161,0.628864,1.145374,1.89246,2.062786,4.05463
Quảng Ngãi,Minh Long,0.001465,0.004064,0.02575,0.02509,0.01736,0.024353,0.039625,0.044381,0.070789
Quảng Ngãi,Mộ Đức,0.27117,0.268814,0.420522,0.494452,0.364652,0.543911,0.664315,0.810352,0.971191
Quảng Ngãi,Nghĩa Hành,0.068577,0.050197,0.199752,0.237974,0.171832,0.225002,0.273875,0.287308,0.337899
Quảng Ngãi,Quảng Ngãi,2.059412,2.439688,2.869497,3.39357,3.275765,3.662119,4.302149,4.640417,5.076457
Quảng Ngãi,Sơn Hà,0.003528,0.006342,0.006767,0.008082,0.005468,0.012456,0.019534,0.026544,0.039616
Quảng Ngãi,Sơn Tây,0.014971,0.015843,0.017772,0.029981,0.017573,0.057819,0.055857,0.054711,0.064834
Quảng Ngãi,Sơn Tịnh,0.110066,0.155259,0.229523,0.409295,0.440067,0.547081,0.67535,0.947924,1.190391
Quảng Ngãi,Trà Bồng,0.019941,0.026072,0.028568,0.034349,0.030029,0.045381,0.052084,0.064858,0.088112
Quảng Ngãi,Tây Trà,0.000104,0.000506,0.011094,0.020418,0.014082,0.015419,0.020507,0.015435,0.016536
Quảng Ngãi,Tư Nghĩa,0.614491,0.303719,0.419351,0.563871,0.597509,0.804223,0.871603,0.952221,1.053839
Quảng Ngãi,Đức Phổ,0.269221,0.422654,0.512082,0.58518,0.545963,0.622614,0.770793,0.830509,0.938006
Quảng Ninh,Ba Chẽ,0.015047,0.016383,0.017604,0.025153,0.031155,0.033509,0.025129,0.031926,0.039639
Quảng Ninh,Bình Liêu,0.032362,0.031598,0.032808,0.027978,0.041961,0.060827,0.053577,0.058898,0.076617
Quảng Ninh,Cô Tô,0.007084,0.006127,0.057889,0.106653,0.153162,0.244366,0.324611,0.342941,0.584081
Quảng Ninh,Cẩm Phả,1.438887,1.889033,2.19263,2.453108,2.373148,2.414281,2.346284,2.522482,2.306723
Quảng Ninh,Hoành Bồ,0.169327,0.166801,0.205757,0.21303,0.239214,0.300503,0.385042,0.405174,0.404828
Quảng Ninh,Hạ Long,3.6417,3.99717,4.673078,4.7424,5.104368,5.980304,6.820687,6.81085,6.767345
Quảng Ninh,Hải Hà,0.062237,0.055343,0.05568,0.0883,0.154327,0.250941,0.348012,0.376562,0.460242
Quảng Ninh,Móng Cái,0.422739,0.512248,0.504084,0.546664,0.557094,0.716168,0.715506,0.832608,0.949152
Quảng Ninh,Quảng Yên,0.689829,0.770171,0.914547,1.32339,1.444287,1.700262,2.010285,2.690625,3.051641
Quảng Ninh,Tiên Yên,0.024393,0.03318,0.045048,0.052764,0.064585,0.112234,0.128934,0.108577,0.120251
Quảng Ninh,Uông Bí,1.396697,1.431995,1.662599,1.673851,1.779074,2.107141,2.064228,1.837801,1.905713
Quảng Ninh,Vân Đồn,0.04709,0.066938,0.082314,0.122079,0.142169,0.207053,0.286152,0.432595,0.401559
Quảng Ninh,Đông Triều,0.451075,0.563532,0.626827,0.671716,0.840919,1.07131,1.338635,1.541105,1.718094
Quảng Ninh,Đầm Hà,0.036102,0.056498,0.060211,0.091291,0.199126,0.266237,0.261837,0.305074,0.337243
Quảng Trị,Cam Lộ,0.028178,0.035508,0.049683,0.062831,0.057536,0.103125,0.176846,0.189342,0.241258
Quảng Trị,Cồn Cỏ,0.0,0.011805,0.021451,0.547337,0.0,0.297859,0.305881,0.752505,1.157136
Quảng Trị,Gio Linh,0.028285,0.039549,0.06798,0.085933,0.070871,0.103141,0.113721,0.139094,0.184242
Quảng Trị,Hướng Hóa,0.015003,0.013991,0.016801,0.01983,0.012108,0.022791,0.030931,0.032268,0.056855
Quảng Trị,Hải Lăng,0.019827,0.041092,0.079434,0.103544,0.104546,0.196094,0.206843,0.229759,0.290234
Quảng Trị,Quảng Trị,0.032038,0.045175,0.182204,0.222487,0.221259,0.368584,0.380624,0.410776,0.555572
Quảng Trị,Triệu Phong,0.044156,0.083264,0.162375,0.1826,0.176038,0.273758,0.300422,0.364601,0.480233
Quảng Trị,Vĩnh Linh,0.04027,0.028588,0.046044,0.042544,0.025561,0.053073,0.068684,0.069855,0.068054
Quảng Trị,Đa Krông,0.003681,0.001786,0.001498,0.003618,0.002833,0.004462,0.01132,0.005904,0.009477
Quảng Trị,Đông Hà,1.691206,2.02676,2.938566,3.954498,4.360625,4.679642,5.324807,5.99849,5.610476
Sóc Trăng,Châu Thành,0.197875,0.251598,0.310441,0.324346,0.310389,0.397741,0.464452,0.488964,0.633832
Sóc Trăng,Cù Lao Dung,0.062995,0.048675,0.307396,0.342616,0.246887,0.574607,1.004927,1.116577,1.119411
Sóc Trăng,Kế Sách,0.05153,0.064406,0.090924,0.08625,0.095681,0.154179,0.218044,0.294936,0.483994
Sóc Trăng,Long Phú,0.087137,0.093649,0.156676,0.200786,0.21479,0.297159,0.383885,0.489536,0.709537
Sóc Trăng,Mỹ Tú,0.024181,0.030004,0.040917,0.058817,0.070196,0.089997,0.106515,0.120972,0.183525
Sóc Trăng,Mỹ Xuyên,0.121889,0.140191,0.315081,0.287213,0.270019,0.627937,0.831522,0.958057,0.943355
Sóc Trăng,Ngã Năm,0.041708,0.040639,0.103499,0.11947,0.156034,0.220658,0.267553,0.252198,0.335021
Sóc Trăng,Sóc Trăng,3.325331,3.333579,3.459259,3.756896,3.665563,4.118996,4.370955,4.714221,5.337219
Sóc Trăng,Thạnh Trị,0.07154,0.091636,0.12845,0.138344,0.13569,0.17804,0.187473,0.191655,0.246888
Sóc Trăng,Trần Đề,0.100192,0.138828,0.274048,0.294042,0.298747,0.466151,0.624029,0.744332,0.794146
Sóc Trăng,Vĩnh Châu,0.263184,0.303886,0.729186,0.764123,0.725816,1.099196,1.27359,1.294094,1.269725
Sơn La,Bắc Yên,0.004838,0.009096,0.015465,0.019049,0.010605,0.022368,0.016058,0.008715,0.008002
Sơn La,Mai Sơn,0.016884,0.01853,0.019866,0.026729,0.033328,0.062125,0.071717,0.069846,0.074268
Sơn La,Mường La,0.047538,0.045159,0.026766,0.034691,0.027354,0.041276,0.034034,0.023474,0.027643
Sơn La,Mộc Châu,0.012648,0.017079,0.023451,0.027876,0.03152,0.050034,0.056647,0.0603,0.051333
Sơn La,Phù Yên,0.015938,0.015558,0.015544,0.011599,0.015304,0.019574,0.016803,0.018046,0.012223
Sơn La,Quỳnh Nhai,0.001486,0.001932,0.003692,0.003094,0.00171,0.006681,0.006791,0.004895,0.00414
Sơn La,Sông Mã,0.002854,0.002473,0.001483,0.002379,0.002489,0.010957,0.01819,0.012852,0.013609
Sơn La,Sơn La,0.134629,0.251075,0.26249,0.4204,0.360016,0.495581,0.571838,0.520864,0.610582
Sơn La,Sốp Cộp,0.000579,0.000763,0.000428,0.001141,0.001735,0.003356,0.003458,0.007195,0.009699
Sơn La,Thuận Châu,0.004653,0.002869,0.002682,0.003755,0.002014,0.015822,0.017937,0.013517,0.014165
Sơn La,Vân Hồ,0.004755,0.007199,0.013832,0.019299,0.015859,0.031574,0.034982,0.039371,0.031046
Sơn La,Yên Châu,0.000641,0.000369,0.003038,0.009169,0.006375,0.027561,0.027906,0.026424,0.029977
Thanh Hóa,Bá Thước,0.013358,0.014235,0.018596,0.020149,0.013279,0.014595,0.014556,0.011741,0.007724
Thanh Hóa,Bỉm Sơn,1.449528,1.588109,2.024541,2.20068,2.312452,2.965237,2.837695,3.086096,3.292226
Thanh Hóa,Cẩm Thủy,0.00703,0.015151,0.019751,0.029521,0.028309,0.050054,0.06211,0.079897,0.087011
Thanh Hóa,Hoằng Hóa,0.131732,0.212131,0.431503,0.482511,0.415693,0.678088,0.904307,1.36212,1.91584
Thanh Hóa,Hà Trung,0.107327,0.104202,0.143055,0.150394,0.173907,0.289866,0.330821,0.325897,0.331102
Thanh Hóa,Hậu Lộc,0.162742,0.156726,0.247515,0.25999,0.21207,0.386956,0.523228,0.742706,0.876909
Thanh Hóa,Lang Chánh,0.005623,0.005195,0.001353,0.019584,0.021655,0.022684,0.025211,0.021863,0.018465
Thanh Hóa,Mường Lát,0.0,0.0,0.002896,0.003153,0.00571,0.007874,0.010092,0.009373,0.007846
Thanh Hóa,Nga Sơn,0.121445,0.114153,0.140189,0.2003,0.268614,0.35697,0.446601,0.522298,0.658469
Thanh Hóa,Ngọc Lặc,0.0,0.002514,0.014966,0.027498,0.031638,0.05354,0.054111,0.063005,0.06821
Thanh Hóa,Như Thanh,0.003896,0.003827,0.009066,0.018212,0.017675,0.036518,0.054495,0.078223,0.101676
Thanh Hóa,Như Xuân,0.004157,0.007639,0.009997,0.009374,0.01926,0.031282,0.065472,0.045129,0.051536
Thanh Hóa,Nông Cống,0.0448,0.0514,0.073724,0.074113,0.076236,0.138359,0.25706,0.359357,0.541006
Thanh Hóa,Quan Hóa,0.010434,0.010877,0.022665,0.023632,0.021697,0.041345,0.04523,0.023026,0.021269
Thanh Hóa,Quan Sơn,0.000306,0.001328,0.00078,0.003212,0.00147,0.001877,0.005069,0.006193,0.005439
Thanh Hóa,Quảng Xương,0.149651,0.187051,0.264451,0.345873,0.3552,0.591096,0.921745,1.076686,1.390053
Thanh Hóa,Sầm Sơn,0.812556,1.191621,1.483663,2.35099,2.715838,2.963863,3.16142,2.871001,3.07946
Thanh Hóa,Thanh Hóa,2.703717,3.09242,4.17649,4.829068,4.578515,5.145826,5.906065,6.995321,6.203656
Thanh Hóa,Thiệu Hóa,0.041946,0.095529,0.132118,0.135795,0.126537,0.198034,0.272373,0.330642,0.448468
Thanh Hóa,Thường Xuân,0.008976,0.007443,0.00479,0.005543,0.004967,0.008548,0.013358,0.0204,0.022787
Thanh Hóa,Thạch Thành,0.011593,0.019173,0.020523,0.027875,0.032202,0.044345,0.065331,0.075183,0.085407
Thanh Hóa,Thọ Xuân,0.071656,0.08685,0.172316,0.153434,0.146305,0.360599,0.311594,0.428464,0.367928
Thanh Hóa,Triệu Sơn,0.033666,0.02677,0.067123,0.07427,0.109852,0.173364,0.225807,0.314094,0.419507
Thanh Hóa,Tĩnh Gia,0.308508,0.428593,0.8686,1.378937,2.040858,3.277592,4.61026,3.464995,3.00576
Thanh Hóa,Vĩnh Lộc,0.040061,0.042542,0.057765,0.040199,0.06303,0.118832,0.190393,0.174172,0.235886
Thanh Hóa,Yên Định,0.051611,0.058602,0.090762,0.105728,0.118738,0.197668,0.237152,0.264217,0.359999
Thanh Hóa,Đông Sơn,0.15537,0.168208,0.279987,0.441207,0.45935,0.676775,1.004076,1.36098,1.897073
Thái Bình,Hưng Hà,0.089893,0.116839,0.208293,0.255585,0.297421,0.356084,0.553124,0.696318,0.816471
Thái Bình,Kiến Xương,0.101206,0.150423,0.18972,0.315581,0.346836,0.473102,0.584803,0.784996,1.08617
Thái Bình,Quỳnh Phụ,0.1041,0.131499,0.231979,0.218319,0.292996,0.295163,0.52816,0.59871,0.738617
Thái Bình,Thái Bình,2.284965,2.985705,3.956609,4.425561,4.649063,5.23023,5.613076,6.562955,6.450013
Thái Bình,Thái Thụy,0.064914,0.125216,0.18865,0.329334,0.372661,0.508097,0.676892,0.720718,0.691983
Thái Bình,Tiền Hải,0.121324,0.147495,0.214281,0.353562,0.411892,0.624689,0.759031,0.978889,1.098903
Thái Bình,Vũ Thư,0.68544,0.668065,0.81778,0.937502,1.023624,1.445297,1.490433,1.744053,1.921273
Thái Bình,Đông Hưng,0.102425,0.13594,0.198462,0.22474,0.272218,0.345979,0.44736,0.593774,0.745508
Thái Nguyên,Phú Bình,0.042094,0.046221,0.122172,0.233169,0.259372,0.331864,0.384652,0.416116,0.420486
Thái Nguyên,Phú Lương,0.021966,0.03547,0.042248,0.046437,0.060991,0.088963,0.057365,0.088451,0.052356
Thái Nguyên,Phổ Yên,0.218338,0.41701,0.915626,1.465951,1.571595,1.793272,1.988008,2.087822,1.727954
Thái Nguyên,Sông Công,0.654343,0.737361,0.826859,0.891857,1.010065,1.400365,1.478472,1.803536,1.624537
Thái Nguyên,Thái Nguyên,2.318407,2.290438,2.290643,2.182837,2.663131,3.134665,2.915459,3.380974,3.020029
Thái Nguyên,Võ Nhai,0.01036,0.010722,0.012893,0.01103,0.016743,0.02278,0.019474,0.025166,0.024691
Thái Nguyên,Đại Từ,0.064956,0.159187,0.235941,0.201946,0.212245,0.237205,0.224511,0.260863,0.239131
Thái Nguyên,Định Hóa,0.001753,0.001844,0.006952,0.006337,0.007864,0.01125,0.014831,0.011619,0.023802
Thái Nguyên,Đồng Hỷ,0.04353,0.058619,0.069854,0.07014,0.074331,0.091426,0.072834,0.111106,0.083539
Thừa Thiên Huế,A Lưới,0.005586,0.006629,0.006226,0.00581,0.005648,0.009218,0.012006,0.015639,0.015883
Thừa Thiên Huế,Huế,4.624841,4.930404,5.841657,5.95274,5.86425,7.230582,7.565948,7.710367,7.893088
Thừa Thiên Huế,Hương Thủy,0.281882,0.289375,0.310512,0.355386,0.362713,0.512152,0.556376,0.605086,0.673072
Thừa Thiên Huế,Hương Trà,0.133325,0.171969,0.197763,0.215821,0.232688,0.297007,0.329072,0.368355,0.440481
Thừa Thiên Huế,Nam Đông,0.000803,0.0,0.0,0.002585,0.001767,0.001651,0.005016,0.00021,0.004208
Thừa Thiên Huế,Phong Điền,0.037587,0.054764,0.110092,0.116811,0.080364,0.114272,0.151603,0.165683,0.199087
Thừa Thiên Huế,Phú Lộc,0.103679,0.106557,0.144476,0.186902,0.131021,0.22389,0.264983,0.284735,0.369937
Thừa Thiên Huế,Phú Vang,0.16457,0.203666,0.277611,0.354897,0.295891,0.50355,0.654384,0.753637,0.873328
Thừa Thiên Huế,Quảng Điền,0.021695,0.040705,0.097065,0.119224,0.123436,0.220562,0.275787,0.318664,0.461455
Tiền Giang,Cai Lậy,0.045276,0.050534,0.080526,0.172771,0.217145,0.375039,0.459969,0.681901,0.836665
Tiền Giang,Cai Lậy (Thị xã),0.280759,0.346224,0.441546,0.695262,0.790628,1.006879,1.261578,1.413016,1.75078
Tiền Giang,Châu Thành,1.855669,2.402014,2.872428,3.133149,3.376432,3.839901,5.745111,5.952439,5.962453
Tiền Giang,Chợ Gạo,43.201296,55.640013,64.95664,71.963257,65.952855,93.038934,127.181922,140.046121,101.903632
Tiền Giang,Cái Bè,0.172601,0.219632,0.311202,0.412396,0.461206,0.646512,0.701557,0.749005,0.792026
Tiền Giang,Gò Công,1.227427,1.096281,1.412332,1.793929,1.771871,2.887317,4.181004,5.054154,5.070129
Tiền Giang,Gò Công Tây,1.868234,3.549893,4.687647,6.294023,4.493754,8.570568,11.265971,16.041898,12.446238
Tiền Giang,Gò Công Đông,0.258558,0.271472,0.398609,0.570489,0.546733,1.007609,1.335969,1.911128,2.395708
Tiền Giang,Mỹ Tho,4.907589,5.918895,7.000838,7.945879,8.573645,10.337805,13.18488,15.348578,14.264858
Tiền Giang,Tân Phú Đông,0.264765,0.212956,0.483804,0.547869,0.497424,0.81655,1.191306,1.339204,1.207477
Tiền Giang,Tân Phước,0.19636,0.275914,0.448326,0.649683,1.418295,2.619407,4.851613,6.207284,7.516992
Trà Vinh,Châu Thành,0.138731,0.171455,0.204276,0.292427,0.319571,0.527876,0.913892,1.261871,1.253171
Trà Vinh,Càng Long,0.106651,0.120644,0.163284,0.193722,0.274547,0.59611,1.111564,2.153766,2.054512
Trà Vinh,Cầu Kè,0.048436,0.054815,0.073365,0.090069,0.078236,0.144556,0.193142,0.299925,0.37404
Trà Vinh,Cầu Ngang,0.063313,0.07519,0.288523,0.304127,0.245031,0.464003,0.657322,0.798585,0.963715
Trà Vinh,Duyên Hải,0.003049,0.009584,0.069292,0.153163,0.121461,0.320648,0.428649,0.509148,0.630868
Trà Vinh,Duyên Hải (Thị xã),0.165791,0.224168,0.464205,0.808078,1.0759,1.527912,1.553383,2.098537,2.483215
Trà Vinh,Tiểu Cần,0.056794,0.068601,0.10284,0.098056,0.116363,0.192161,0.298568,0.430952,0.547741
Trà Vinh,Trà Cú,0.079553,0.108476,0.166334,0.204984,0.235539,0.340345,0.465452,0.683748,0.868157
Trà Vinh,Trà Vinh,3.080101,2.906603,3.385161,3.594666,3.967777,4.299585,5.106359,5.555985,6.033919
Tuyên Quang,Chiêm Hóa,0.004273,0.003286,0.003765,0.003357,0.003813,0.005671,0.005584,0.007227,0.004204
Tuyên Quang,Hàm Yên,0.001566,0.002983,0.004712,0.005322,0.011019,0.014946,0.019358,0.013783,0.006464
Tuyên Quang,Lâm Bình,0.0,0.0,0.0,0.0,0.0,0.0,0.0,0.012777,0.009803
Tuyên Quang,Nà Hang,0.002111,0.002597,0.002699,0.005031,0.004202,0.003558,0.004084,0.005822,0.004356
Tuyên Quang,Sơn Dương,0.043297,0.04561,0.050645,0.047367,0.060654,0.075426,0.071319,0.105794,0.092788
Tuyên Quang,Tuyên Quang,0.549796,0.690737,0.856821,1.208137,1.556103,1.459669,1.713659,1.317663,1.493706
Tuyên Quang,Yên Sơn,0.02512,0.028349,0.038082,0.038852,0.044081,0.043344,0.04828,0.061562,0.0541
Tây Ninh,Bến Cầu,0.391182,0.416661,0.45905,0.521563,0.559154,0.74782,1.136693,1.276806,1.434064
Tây Ninh,Châu Thành,0.178216,0.219694,0.280742,0.313078,0.327637,0.393593,0.461983,0.479534,0.571948
Tây Ninh,Dương Minh Châu,0.384863,0.294693,0.337956,0.479933,0.444449,0.567376,0.650812,0.706454,0.793305
Tây Ninh,Gò Dầu,0.436947,0.522519,0.831995,1.17053,1.273858,1.570051,1.939736,2.128944,2.287365
Tây Ninh,Hòa Thành,1.80618,2.073243,2.327499,2.615202,2.708727,2.856725,3.146374,3.796621,4.259887
Tây Ninh,Trảng Bàng,0.637622,0.695646,0.834311,0.963239,1.087635,1.339648,1.400822,1.692607,1.978625
Tây Ninh,Tân Biên,0.100891,0.108507,0.126726,0.141158,0.135215,0.167236,0.214412,0.228439,0.295072
Tây Ninh,Tân Châu,0.106827,0.106167,0.123037,0.136136,0.161307,0.195706,0.257403,0.286888,0.338828
Tây Ninh,Tây Ninh,2.075775,2.443555,2.852079,3.047347,3.336255,3.144412,3.57858,3.949893,4.293184
Vĩnh Long,Bình Minh,1.647504,2.184027,2.073006,2.321477,2.4161,2.739064,3.292665,3.951103,4.899409
Vĩnh Long,Bình Tân,0.321441,0.40071,0.435471,0.518154,0.552304,0.728208,0.990804,1.3507,1.863447
Vĩnh Long,Long Hồ,0.514404,0.704585,0.769532,0.91707,1.005406,1.262407,1.516659,1.729987,2.08595
Vĩnh Long,Mang Thít,0.168692,0.159228,0.20945,0.312055,0.792724,1.244521,2.179197,2.80792,2.656627
Vĩnh Long,Tam Bình,0.166415,0.268421,0.292748,0.336566,0.380135,0.709574,0.93599,1.147026,1.445932
Vĩnh Long,Trà Ôn,0.118352,0.144226,0.183599,0.239119,0.272597,0.499947,0.632516,0.791863,0.717554
Vĩnh Long,Vĩnh Long,3.55414,4.06815,4.585379,4.681951,5.095828,5.984863,6.365013,6.899605,7.154788
Vĩnh Long,Vũng Liêm,0.124526,0.131177,0.1733,0.219264,0.24743,0.370109,0.549764,0.665748,0.845976
Vĩnh Phúc,Bình Xuyên,0.986837,1.215866,1.720933,2.088925,2.090423,2.649244,2.962683,3.916956,3.923886
Vĩnh Phúc,Lập Thạch,0.014114,0.029678,0.052144,0.133871,0.139677,0.230105,0.233264,0.355827,0.454374
Vĩnh Phúc,Phúc Yên,1.444134,1.786066,2.118446,1.987605,2.117021,2.424798,2.843787,3.54247,3.132412
Vĩnh Phúc,Sông Lô,0.049037,0.034553,0.05854,0.077164,0.083727,0.134398,0.177525,0.220749,0.283872
Vĩnh Phúc,Tam Dương,0.373739,0.286062,0.360113,0.503567,0.615267,0.780605,0.941605,1.29664,1.408044
Vĩnh Phúc,Tam Đảo,0.072254,0.102829,0.148692,0.179585,0.224884,0.255575,0.251043,0.334053,0.411886
Vĩnh Phúc,Vĩnh Tường,0.311042,0.378972,0.5047,0.486113,0.657221,0.819673,0.935775,1.196858,1.580998
Vĩnh Phúc,Vĩnh Yên,6.629055,4.860965,6.617445,6.967895,7.049722,7.833691,8.610774,9.597697,9.584941
Vĩnh Phúc,Yên Lạc,0.252454,0.313646,0.455665,0.418153,0.495215,0.832681,0.922198,1.174381,1.326349
Yên Bái,Lục Yên,0.006559,0.01169,0.013273,0.014568,0.028605,0.043201,0.05984,0.059531,0.048779
Yên Bái,Mù Căng Chải,0.008385,0.017789,0.026547,0.038352,0.021717,0.030892,0.032394,0.026378,0.028939
Yên Bái,Nghĩa Lộ,0.098576,0.157159,0.198308,0.341925,0.564781,0.725732,0.642789,0.937039,0.761064
Yên Bái,Trạm Tấu,0.001402,0.003228,0.004996,0.009047,0.009665,0.016076,0.018834,0.017242,0.014659
Yên Bái,Trấn Yên,0.003066,0.00708,0.020109,0.023099,0.04597,0.070522,0.061753,0.064292,0.056144
Yên Bái,Văn Chấn,0.001825,0.005463,0.006527,0.006288,0.008508,0.016406,0.015643,0.022805,0.017504
Yên Bái,Văn Yên,0.001134,0.006479,0.003295,0.007739,0.010124,0.015688,0.015201,0.021897,0.015138
Yên Bái,Yên Bái,0.577217,0.821988,0.886241,0.846145,1.14242,1.449309,1.681979,2.089632,2.138481
Yên Bái,Yên Bình,0.019355,0.026354,0.03669,0.038124,0.039923,0.04014,0.055805,0.052254,0.058146
Điện Biên,Mường Chà,0.003606,0.00605,0.00561,0.011609,0.012694,0.016426,0.013145,0.011395,0.008256
Điện Biên,Mường Nhé,0.000737,0.000879,0.000764,0.00093,0.000867,0.002508,0.002995,0.002714,0.003704
Điện Biên,Mường Ảng,0.014828,0.018851,0.022608,0.022256,0.017967,0.048155,0.072928,0.063706,0.073934
Điện Biên,Nậm Pồ,0.0,1.6e-05,0.0,0.0,0.0,0.00025,0.001049,0.00091,0.00216
Điện Biên,Thị Xã Mường Lay,0.045236,0.021674,0.010147,0.033141,0.0157,0.026483,0.069261,0.041403,0.023324
Điện Biên,Tuần Giáo,0.015035,0.018804,0.016928,0.018889,0.018214,0.027756,0.023218,0.020151,0.023441
Điện Biên,Tủa Chùa,0.008692,0.01191,0.012855,0.016869,0.012975,0.032703,0.034965,0.033547,0.033534
Điện Biên,Điện Biên,0.022077,0.024268,0.022298,0.027351,0.025482,0.043446,0.046399,0.044668,0.049443
Điện Biên,Điện Biên Phủ,1.765676,2.323912,2.153614,2.505126,2.518352,2.743453,2.851271,2.60837,2.801283
Điện Biên,Điện Biên Đông,0.001953,0.003162,0.002464,0.001893,0.001939,0.010782,0.011832,0.007892,0.00767
Đà Nẵng,Cẩm Lệ,7.666238,8.685914,10.891281,12.607344,12.137919,15.696484,17.890802,18.315961,16.573283
Đà Nẵng,Hòa Vang,0.393822,0.417174,0.539697,0.663908,0.700856,0.865749,1.049586,1.177569,1.202069
Đà Nẵng,Hải Châu,16.828357,16.637225,18.718249,21.398894,20.203026,28.509855,31.611521,31.442822,28.173143
Đà Nẵng,Liên Chiểu,4.241399,4.720628,5.477611,6.151065,5.867011,7.449438,8.190104,8.474583,8.155645
Đà Nẵng,Ngũ Hành Sơn,7.661757,7.968037,10.067261,11.447762,11.748357,14.70081,17.050414,18.742075,16.986656
Đà Nẵng,Sơn Trà,5.93736,5.577464,7.002739,7.565682,7.266209,9.032816,9.896732,9.979811,9.35056
Đà Nẵng,Thanh Khê,13.117094,13.139148,16.319798,18.485227,16.662302,20.949254,24.188615,25.813227,26.301318
Đắk Lắk,Buôn Ma Thuột,2.278538,2.54239,2.267482,2.469739,2.466748,2.654199,3.325427,3.086941,3.545632
Đắk Lắk,Buôn Đôn,0.02002,0.031394,0.019848,0.020875,0.017704,0.028096,0.040202,0.041678,0.064545
Đắk Lắk,Cư Kuin,0.149103,0.172673,0.135837,0.189461,0.182799,0.230241,0.341515,0.326975,0.458159
Đắk Lắk,Cư M'gar,0.053915,0.05935,0.049806,0.081891,0.070307,0.095395,0.137422,0.125579,0.176181
Đắk Lắk,Ea H'leo,0.016305,0.026586,0.034715,0.047887,0.039269,0.060595,0.076486,0.071726,0.098668
Đắk Lắk,Ea Kar,0.021986,0.030906,0.038546,0.045194,0.042846,0.051938,0.07306,0.078399,0.090633
Đắk Lắk,Ea Súp,0.00676,0.008066,0.007484,0.007809,0.008542,0.012723,0.02422,0.017654,0.031939
Đắk Lắk,Krông A Na,0.082861,0.100352,0.072807,0.092284,0.100506,0.123937,0.201673,0.224314,0.293627
Đắk Lắk,Krông Bông,0.011321,0.014826,0.013871,0.02012,0.019704,0.024296,0.046106,0.038095,0.048195
Đắk Lắk,Krông Búk,0.024971,0.042519,0.043064,0.055865,0.064355,0.076756,0.114526,0.110355,0.169967
Đắk Lắk,Krông Năng,0.019062,0.0261,0.026465,0.031183,0.031359,0.055917,0.116565,0.099897,0.128276
Đắk Lắk,Krông Pắc,0.072387,0.09421,0.100513,0.160771,0.14815,0.192433,0.276318,0.258176,0.303231
Đắk Lắk,Lắk,0.007456,0.009197,0.011421,0.023712,0.018895,0.025876,0.03873,0.043926,0.066308
Đắk Lắk,M'Đrắk,0.006272,0.009251,0.009698,0.011752,0.009504,0.016799,0.031891,0.034517,0.033131
Đắk Lắk,Thị Xã Buôn Hồ,0.232473,0.262374,0.255589,0.331985,0.314363,0.333531,0.414306,0.375614,0.442298
Đắk Nông,Cư Jút,0.049489,0.078183,0.049589,0.08489,0.076613,0.096115,0.128167,0.146174,0.180385
Đắk Nông,Gia Nghĩa,0.339877,0.452339,0.519778,0.664775,0.598024,0.692752,0.849024,0.763076,0.914612
Đắk Nông,Krông Nô,0.018309,0.021981,0.016503,0.026253,0.018673,0.030121,0.049404,0.075104,0.093895
Đắk Nông,Tuy Đức,0.001912,0.00506,0.00394,0.004833,0.003122,0.00828,0.012689,0.014419,0.023219
Đắk Nông,Đăk Glong,0.010388,0.017375,0.012528,0.017287,0.013184,0.014546,0.016688,0.019167,0.025539
Đắk Nông,Đắk Mil,0.074148,0.094231,0.104486,0.1466,0.134831,0.157454,0.190166,0.214573,0.275359
Đắk Nông,Đắk R'Lấp,0.084032,0.11098,0.107152,0.133696,0.14021,0.228797,0.291659,0.295832,0.3163
Đắk Nông,Đắk Song,0.010424,0.021045,0.025233,0.043212,0.041457,0.048456,0.072427,0.081873,0.097111
Đồng Nai,Biên Hòa,6.996119,7.246328,7.989006,8.530788,9.267358,9.609757,10.636089,11.04176,11.314024
Đồng Nai,Cẩm Mỹ,0.168437,0.185189,0.229856,0.297486,0.333216,0.586679,0.828298,0.869436,1.079947
Đồng Nai,Long Khánh,1.221253,1.106483,1.253924,1.522984,1.764787,2.612602,3.06402,3.295163,3.650275
Đồng Nai,Long Thành,1.637296,1.858695,2.353783,2.572196,2.734634,3.09629,3.487046,3.625336,4.170849
Đồng Nai,Nhơn Trạch,2.973542,3.1146,3.304,3.545932,3.942267,4.456824,4.834141,5.118515,5.77741
Đồng Nai,Thống Nhất,0.429846,0.570643,0.726311,1.107199,1.158048,1.858632,2.212419,2.267834,2.217006
Đồng Nai,Trảng Bom,1.04902,1.228722,1.500083,1.778021,2.133228,3.085363,4.033147,4.331854,4.108485
Đồng Nai,Tân Phú,0.049904,0.088427,0.092308,0.093814,0.098785,0.148271,0.259169,0.316213,0.376285
Đồng Nai,Vĩnh Cửu,0.242339,0.295255,0.328834,0.345805,0.375258,0.420375,0.514933,0.539761,0.622935
Đồng Nai,Xuân Lộc,0.418823,0.520283,0.654636,0.823561,1.053109,1.667727,2.671185,2.732381,2.679841
Đồng Nai,Định Quán,0.043936,0.053097,0.070638,0.075624,0.088906,0.167245,0.29853,0.347915,0.425465
Đồng Tháp,Cao Lãnh,0.153004,0.195459,0.254108,0.341944,0.338471,0.429441,0.567945,0.681875,0.730928
Đồng Tháp,Cao Lãnh (Thành phố),2.321966,2.800437,2.80622,3.148007,3.327631,3.175594,3.864806,4.340152,4.690274
Đồng Tháp,Châu Thành,0.147931,0.246157,0.246637,0.304625,0.400862,0.653015,1.054696,1.444286,1.606023
Đồng Tháp,Hồng Ngự,0.028532,0.075247,0.114829,0.124588,0.148307,0.266143,0.287538,0.496941,0.649892
Đồng Tháp,Hồng Ngự (Thị xã),0.133453,0.188425,0.261043,0.262422,0.265457,0.390842,0.441529,0.72016,0.897987
Đồng Tháp,Lai Vung,0.234797,0.321917,0.390217,0.498979,0.687521,1.066375,1.529434,2.133203,3.162631
Đồng Tháp,Lấp Vò,0.356588,0.448035,0.581783,0.783552,0.785084,0.898294,1.041265,1.249444,1.363974
Đồng Tháp,Sa Đéc,3.105781,3.377033,3.624606,3.757845,4.31652,4.232204,4.678807,5.146008,5.340044
Đồng Tháp,Tam Nông,0.022653,0.026681,0.068953,0.090384,0.096542,0.118028,0.153941,0.227868,0.293782
Đồng Tháp,Thanh Bình,0.101943,0.127536,0.173944,0.210811,0.24221,0.295352,0.317413,0.347912,0.426806
Đồng Tháp,Tháp Mười,0.166658,0.189404,0.221156,0.265732,0.245386,0.311644,0.365543,0.443491,0.494276
Đồng Tháp,Tân Hồng,0.023748,0.04279,0.061487,0.08827,0.086521,0.142127,0.164239,0.242593,0.288828
